Commit Hash,File Name,MI_Before,MI_After,MI_Change,CC_Before,CC_After,CC_Change,LOC_Before,LOC_After,LOC_Change
33850c0ebd23ae615e6823993d441f46d80b1ff0,apishowcase.py,,83.75920770131243,,,4.0,,,30.0,
33850c0ebd23ae615e6823993d441f46d80b1ff0,minitwit.py,,42.671549127655105,,,44.0,,,228.0,
33850c0ebd23ae615e6823993d441f46d80b1ff0,flask.py,,,,,,,,,
b15ad394279fc3b7f998fa56857f334a7c0156f6,setup.py,,100.0,,,0.0,,,19.0,
4ec7d2a0d8eac4f915dc0d38a886cd57045bb0c4,conf.py,,100.0,,,0.0,,,236.0,
4ec7d2a0d8eac4f915dc0d38a886cd57045bb0c4,minitwit.py,42.671549127655105,42.671549127655105,0.0,44.0,44.0,0.0,228.0,228.0,0.0
4ec7d2a0d8eac4f915dc0d38a886cd57045bb0c4,flask.py,,,,,,,,,
3b36bef2e6165bb4dad73d17f23ee1879e99f497,conf.py,100.0,100.0,0.0,0.0,0.0,,236.0,241.0,5.0
3b36bef2e6165bb4dad73d17f23ee1879e99f497,minitwit.py,42.671549127655105,42.606882090146065,-0.06466703750903946,44.0,44.0,0.0,228.0,228.0,0.0
3b36bef2e6165bb4dad73d17f23ee1879e99f497,flask.py,,,,,,,,,
4aa76212d1be9b17a57249549c2a73fb10b6cda8,minitwit.py,42.606882090146065,42.606882090146065,0.0,44.0,44.0,0.0,228.0,228.0,0.0
4aa76212d1be9b17a57249549c2a73fb10b6cda8,flask.py,,,,,,,,,
727c701686c18c4a27ca523eb0c5862d497be24e,minitwit.py,42.606882090146065,42.606882090146065,0.0,44.0,44.0,0.0,228.0,228.0,0.0
7d6b8e9ab3e738d69e39ad53a7c0f6a552d5284a,flask.py,,,,,,,,,
3d719f35f5c1ee4ce3dc01fb2167ef49c0180cf6,conf.py,100.0,100.0,0.0,0.0,0.0,,241.0,245.0,4.0
3d719f35f5c1ee4ce3dc01fb2167ef49c0180cf6,flaskext.py,,100.0,,,1.0,,,96.0,
3d719f35f5c1ee4ce3dc01fb2167ef49c0180cf6,flask.py,,,,,,,,,
05f36c7f7e2df36ee28f90d99632162579b1287c,flaskext.py,100.0,100.0,0.0,1.0,1.0,0.0,96.0,86.0,-10.0
05f36c7f7e2df36ee28f90d99632162579b1287c,flask.py,,,,,,,,,
1fff3e598126a084348ec2c112fdd3bc6b9a1ee0,setup.py,100.0,100.0,0.0,0.0,0.0,,19.0,20.0,1.0
574e81f9c8bbdc41958e1e7a7613633b091101f8,setup.py,100.0,100.0,0.0,0.0,0.0,,20.0,20.0,0.0
03168a5d53457fdb8676a4ac9fca0f76a23c6852,apishowcase.py,83.75920770131243,,,4.0,,,30.0,,
03168a5d53457fdb8676a4ac9fca0f76a23c6852,minitwit.py,42.606882090146065,48.73457184659348,6.127689756447417,44.0,44.0,0.0,228.0,250.0,22.0
f2dc38cda61f76c64b97ab9f730accc986a4b188,minitwit.py,48.73457184659348,48.73457184659348,0.0,44.0,44.0,0.0,250.0,250.0,0.0
f2dc38cda61f76c64b97ab9f730accc986a4b188,minitwit_tests.py,,53.173486942729845,,,45.0,,,145.0,
f2dc38cda61f76c64b97ab9f730accc986a4b188,flask.py,,,,,,,,,
ef524f2cfd65377b3b9ce896e7a710472b13c0f6,minitwit_tests.py,53.173486942729845,53.35246714982622,0.17898020709637308,45.0,45.0,0.0,145.0,144.0,-1.0
03148dba6b26a2694da1d466584f50189c52e7b3,flask.py,,,,,,,,,
2f5a4f8dbc832b0daebcd66ea8b3969589191fa7,minitwit.py,48.73457184659348,48.73457184659348,0.0,44.0,44.0,0.0,250.0,250.0,0.0
a01e8b49ca66608f0bd46134ff02deeb5724c799,flask.py,,,,,,,,,
de03143f6ecf9a36dd32f16f07309c64d4de03b0,flask_tests.py,,66.38184623629209,,,22.0,,,74.0,
4affedec356ad8c9e6a107578f03fc7f5c615064,flask_tests.py,66.38184623629209,63.684795619588286,-2.6970506167038053,22.0,23.0,1.0,74.0,82.0,8.0
959b5df00431c436474c5abca304e631c0de7721,setup.py,100.0,100.0,0.0,0.0,0.0,,20.0,19.0,-1.0
08f1f0dc32004fae01cf96d1eed84e6461e698e5,flask_tests.py,,42.999201717328646,,,51.0,,,179.0,
08f1f0dc32004fae01cf96d1eed84e6461e698e5,flask_tests.py,,42.999201717328646,,,51.0,,,179.0,
ca520fb7e4c29afccc637e61c11429a0f3e8d5ad,flask.py,,,,,,,,,
ca520fb7e4c29afccc637e61c11429a0f3e8d5ad,flask_tests.py,42.999201717328646,41.33783424823284,-1.6613674690958078,51.0,55.0,4.0,179.0,188.0,9.0
2d9bb692728fd76b19e467499caa4f5fcb07aede,flask.py,,,,,,,,,
c33675f0251071ea47ce166b81ce8c637842f091,flaskr.py,,71.42184769890663,,,13.0,,,103.0,
c33675f0251071ea47ce166b81ce8c637842f091,flaskr_tests.py,,74.15111533671265,,,16.0,,,64.0,
fc94599285aa1aec50b3c9426697249e55edda0a,flaskr.py,71.42184769890663,71.96268806077327,0.5408403618666426,13.0,13.0,0.0,103.0,101.0,-2.0
1d8432ebfd1637eacab79a15e9b7963bf061371c,flask.py,,,,,,,,,
1246f4088a4fdc00a79f8029ff5d77bfe4fc9b14,flaskr.py,71.96268806077327,70.28534779104871,-1.6773402697245672,13.0,13.0,0.0,101.0,98.0,-3.0
6dd92ae4b32c336564231e10db12458a8b9261ca,flaskr_tests.py,74.15111533671265,72.38709511780434,-1.764020218908314,16.0,17.0,1.0,64.0,66.0,2.0
40e0024d7b87150ed694829a5335bd2435962225,flask.py,,,,,,,,,
7b5015010bc8c2a2d56c7c50b37e5b9facdad102,flask.py,,,,,,,,,
fb2d2e446bdd806ea3de7b869c7371e2dae57a23,flaskr.py,70.28534779104871,70.28534779104871,0.0,13.0,13.0,0.0,98.0,98.0,0.0
fb2d2e446bdd806ea3de7b869c7371e2dae57a23,minitwit.py,48.73457184659348,48.73457184659348,0.0,44.0,44.0,0.0,250.0,250.0,0.0
fb2d2e446bdd806ea3de7b869c7371e2dae57a23,flask.py,,,,,,,,,
fb2d2e446bdd806ea3de7b869c7371e2dae57a23,flask_tests.py,41.33783424823284,41.33783424823284,0.0,55.0,55.0,0.0,188.0,188.0,0.0
6d556acb3fcaa6eeff4bda8cf704ad5f0cf5b5ac,conf.py,100.0,100.0,0.0,0.0,0.0,,245.0,246.0,1.0
0bb8b4f9a1c61fcf473e5ca7a10cc3ed4f30766f,setup.py,100.0,100.0,0.0,0.0,0.0,,19.0,69.0,50.0
9fbf9a062c11904b5022a5aa7941449e31340c32,setup.py,100.0,100.0,0.0,0.0,0.0,,69.0,69.0,0.0
5310fc38227b1907cb541f4a30ea8dfef46c2e19,flask.py,,,,,,,,,
5310fc38227b1907cb541f4a30ea8dfef46c2e19,flask_tests.py,41.33783424823284,,,55.0,,,188.0,,
0b9c2b5eb1b604cd76d9252e8e9628df731ea572,flask.py,,,,,,,,,
63593d281b7358a86a808cc0bf5e47107316403d,flask.py,,,,,,,,,
190059c8f01c6f75243824e765d08a7cce386eda,flask.py,,,,,,,,,
190059c8f01c6f75243824e765d08a7cce386eda,flask_tests.py,,,,,,,,,
bf52a17902cdbc300ee91ec1b2e8d2b7890ba35c,flaskr_tests.py,72.38709511780434,72.83432679706192,0.4472316792575839,17.0,17.0,0.0,66.0,65.0,-1.0
0770f5c6375e3e45fa3ac918217df5d885176173,flask.py,,,,,,,,,
73a47a0db1a181bb305684115d3dacded0c5a58b,minitwit.py,48.73457184659348,48.945650333297216,0.21107848670373386,44.0,44.0,0.0,250.0,248.0,-2.0
ce18d4575dd8468878668d777d83448eeae4fd0d,conf.py,100.0,100.0,0.0,0.0,0.0,,246.0,247.0,1.0
6e2be6a0b3aba4ab49cf3ed1a10ac13c6b771aba,jqueryexample.py,,95.41856814346298,,,2.0,,,29.0,
6e2be6a0b3aba4ab49cf3ed1a10ac13c6b771aba,flask.py,,,,,,,,,
6e2be6a0b3aba4ab49cf3ed1a10ac13c6b771aba,flask_tests.py,,,,,,,,,
ade490514dd6d83adc7610f69f9c4cd68df47110,flask.py,,,,,,,,,
ade490514dd6d83adc7610f69f9c4cd68df47110,flask_tests.py,,,,,,,,,
3088a9371e065808fd0091741f62bc242bcab1f9,flask.py,,,,,,,,,
3088a9371e065808fd0091741f62bc242bcab1f9,flask_tests.py,,,,,,,,,
5acc491c94262912baa30a4cffc780a46b7faf56,flask.py,,,,,,,,,
95750b3287bfa21fbb706f10a3a9fbcef01c089e,flask.py,,,,,,,,,
95750b3287bfa21fbb706f10a3a9fbcef01c089e,flask_tests.py,,,,,,,,,
06ec917ddedc618944670b39ccd5f4cb862882b2,flask.py,,,,,,,,,
9f0b2429d638e54cb534b555c393d0770dfc1a8f,flask_tests.py,,,,,,,,,
715f64d2afef0e5b9800f0e0fb0eb9c892e1573a,flask.py,,,,,,,,,
3a1e51865786474c44a04c0d422515047dd27223,flask.py,,,,,,,,,
9f6bc93e4de36fc209eb1203845e9505df1ca379,flask.py,,,,,,,,,
9f6bc93e4de36fc209eb1203845e9505df1ca379,flask_tests.py,,,,,,,,,
3c821a0fa45082bcec73dfb08662fb1de5263c48,minitwit.py,48.945650333297216,48.90029400499156,-0.04535632830565817,44.0,44.0,0.0,248.0,249.0,1.0
3c821a0fa45082bcec73dfb08662fb1de5263c48,flask.py,,,,,,,,,
3c821a0fa45082bcec73dfb08662fb1de5263c48,setup.py,100.0,100.0,0.0,0.0,0.0,,69.0,71.0,2.0
75057bb4112d16acc7ed5dafce6a8168b343fd78,flask.py,,,,,,,,,
af3b73f70d5fce72181530d384519ae31d77c772,flask.py,,,,,,,,,
3053fcdb0d6189ad1deca6fcfa16443dad4baf8c,flaskr_tests.py,72.83432679706192,71.15958362963855,-1.6747431674233724,17.0,18.0,1.0,65.0,70.0,5.0
3053fcdb0d6189ad1deca6fcfa16443dad4baf8c,minitwit_tests.py,53.35246714982622,52.59502575604818,-0.7574413937780378,45.0,45.0,0.0,144.0,149.0,5.0
00f87f679cdd63b642675d86d073882fb8b19430,flask.py,,,,,,,,,
9d340ad7477774a19a7bdffc83d6cb8cb3e05edc,flask.py,,,,,,,,,
7cf5a9bf6e34fc57f82e560f01c408fbe603e9d4,flask.py,,,,,,,,,
b6e73305392c9de052e51cca6fae8fee12ae231e,flask.py,,,,,,,,,
b6e73305392c9de052e51cca6fae8fee12ae231e,flask_tests.py,,,,,,,,,
f014ce29a7cd5a3ccfabd61e7d66e017ed958e25,flask.py,,,,,,,,,
3eacc1d06816b2544e0242665fe909b24b027b21,flask.py,,,,,,,,,
dbe0df756bf587b242f2406bef9e7e8ef26f0813,flask.py,,,,,,,,,
dbe0df756bf587b242f2406bef9e7e8ef26f0813,flask_tests.py,,,,,,,,,
88f671aaaef334caf3231095b119cac094ff5ffb,flask.py,,,,,,,,,
a862ead5f22f9d4592c1c85bda285a4ded59b631,flask.py,,,,,,,,,
a862ead5f22f9d4592c1c85bda285a4ded59b631,flask_tests.py,,,,,,,,,
444e6425312a16589130ff36f2830b6f97fbbd4f,flask.py,,,,,,,,,
e0148a00c0f468784052926f80e8112be7686470,flask.py,,,,,,,,,
e0148a00c0f468784052926f80e8112be7686470,flask_tests.py,,,,,,,,,
5c52fe980eda6065edcc39e6dd346636b1c40768,flask.py,,,,,,,,,
5c52fe980eda6065edcc39e6dd346636b1c40768,flask_tests.py,,,,,,,,,
2f181e19496a1fe693d9b20260fe961bb406c53b,flask.py,,,,,,,,,
67f4b0f31538832f06b9351d15e30c85f449ac7e,flask.py,,,,,,,,,
67f4b0f31538832f06b9351d15e30c85f449ac7e,flask_tests.py,,,,,,,,,
c0a9f5d0c4f09dbe8b744609552cbbfa9f14fbc0,flask.py,,,,,,,,,
0da39c76e3c67293aef2234b43aff8728d9002eb,flask.py,,,,,,,,,
a9bb965b6dcd931cefdc7dd05fa4c672b5dff69c,flask.py,,,,,,,,,
a9bb965b6dcd931cefdc7dd05fa4c672b5dff69c,flask_tests.py,,,,,,,,,
5c9ef2c44dce5afc99a0b3b539ebaafe9b8ce3c5,flask.py,,,,,,,,,
5c9ef2c44dce5afc99a0b3b539ebaafe9b8ce3c5,flask_tests.py,,,,,,,,,
4395e9493cc33d49b53889f9f726458f05f1a475,flask_tests.py,,,,,,,,,
3ac4ec670c881668aaedb2c3937bae5e10984988,conf.py,100.0,100.0,0.0,0.0,0.0,,247.0,239.0,-8.0
36717b02731ad7d86ba8effbe27e70405e48cd9b,flask.py,,,,,,,,,
36717b02731ad7d86ba8effbe27e70405e48cd9b,flask_tests.py,,,,,,,,,
f1603d33f266ab24eda604f76632fa604b91e3f9,flask.py,,,,,,,,,
75461c1467bbb2d83ee787bb13f4a338a4b8ad3e,flask.py,,,,,,,,,
75461c1467bbb2d83ee787bb13f4a338a4b8ad3e,flask_tests.py,,,,,,,,,
9248a7baca5bc616a60f9b63b525e872fbfddef2,flask.py,,,,,,,,,
dffb3d091c0e42b7254fe88218811c24c0054f7e,flask.py,,,,,,,,,
dffb3d091c0e42b7254fe88218811c24c0054f7e,flask_tests.py,,,,,,,,,
67fc46526234653b0a519e9f1e8a05a2c40c80f8,flask.py,,,,,,,,,
67fc46526234653b0a519e9f1e8a05a2c40c80f8,flask_tests.py,,,,,,,,,
bc0c0559e384dc88441775a3907487f4a2b515b4,openidexample.py,,61.54411577737089,,,26.0,,,165.0,
bc0c0559e384dc88441775a3907487f4a2b515b4,simpleopenid.py,,72.35105049645699,,,15.0,,,108.0,
a921aef6c47cecbacef5173f03c07c52e6bc8fea,flask.py,,,,,,,,,
a921aef6c47cecbacef5173f03c07c52e6bc8fea,flask_tests.py,,,,,,,,,
745638e774063de206aae930df71789de13e7c73,flask.py,,,,,,,,,
745638e774063de206aae930df71789de13e7c73,flask_tests.py,,,,,,,,,
da8f88a22eab8195e48fa4ef63c6a3195c860eb0,openidexample.py,61.54411577737089,,,26.0,,,165.0,,
da8f88a22eab8195e48fa4ef63c6a3195c860eb0,simpleopenid.py,72.35105049645699,,,15.0,,,108.0,,
34e3d64892f2281aa1b6f6357c345b0a357ee51a,conf.py,100.0,100.0,0.0,0.0,0.0,,239.0,236.0,-3.0
2d87e9bc37ef1ce8f9068fac92783a4fe3d3d382,flask.py,,,,,,,,,
2d87e9bc37ef1ce8f9068fac92783a4fe3d3d382,flask_tests.py,,,,,,,,,
5bb2b55a2880b3c91dbcd6580f3d25ee23c6655c,conf.py,100.0,100.0,0.0,0.0,0.0,,236.0,238.0,2.0
f80e1d3b5ab8e718cc67c814cbfd9aee9c95f45f,flask.py,,,,,,,,,
b0ab127015186e1a2918221ffad8d79ca346faf5,setup.py,100.0,100.0,0.0,0.0,0.0,,71.0,71.0,0.0
07581b2404924fe1833f596cfa09caf69868ad5b,setup.py,100.0,100.0,0.0,0.0,0.0,,71.0,71.0,0.0
e409bc792d4419ed588afbc60c53b61923c415a7,flask.py,,,,,,,,,
a5a41d40aaa9f6ed70b487133ddaf48ceb3d054f,flask.py,,,,,,,,,
693e4449f87950c764a928690f4437fd6b1b4d7d,flask.py,,,,,,,,,
35ed617fe41b184288892f733ce07d94391b76b1,flask.py,,,,,,,,,
35ed617fe41b184288892f733ce07d94391b76b1,flask_tests.py,,,,,,,,,
931dcc4c80331d372d70d7a0a5c8e6d49223e2bf,flask.py,,,,,,,,,
e7f67e13339073007a84271cce91200bfdb81006,flask.py,,,,,,,,,
e7f67e13339073007a84271cce91200bfdb81006,flask_tests.py,,,,,,,,,
ea5e654e9e19aab5089f9a71e679bcca11581e86,conf.py,100.0,47.228623170273856,-52.771376829726144,0.0,0.0,,238.0,240.0,2.0
ea5e654e9e19aab5089f9a71e679bcca11581e86,flask.py,,,,,,,,,
ea5e654e9e19aab5089f9a71e679bcca11581e86,flask_tests.py,,,,,,,,,
54c3df60cd533ea80d347f6715ee84f6a560b5d5,conf.py,47.228623170273856,43.959664918223645,-3.2689582520502114,0.0,0.0,,240.0,240.0,0.0
b26aeba972686b9cb9a9b111e1bc8997e1f259c8,flask_tests.py,,,,,,,,,
e84140aba2786655bbddcedb363d16de1e285441,flask.py,,,,,,,,,
c4cac0abc1a04710a25dcfc8d7f1b2de173546a8,flask.py,,,,,,,,,
c4cac0abc1a04710a25dcfc8d7f1b2de173546a8,flask_tests.py,,,,,,,,,
cbcd15c3b55cfb05f1b27aa2343f909876f8d3d4,conf.py,43.959664918223645,44.72047137395506,0.7608064557314123,0.0,0.0,,240.0,241.0,1.0
cbcd15c3b55cfb05f1b27aa2343f909876f8d3d4,flask.py,,,,,,,,,
ef0dc1800f7558abbefe070f361b97b9161b2452,flask.py,,,,,,,,,
ef0dc1800f7558abbefe070f361b97b9161b2452,flask_tests.py,,,,,,,,,
6c095deda51efb34cd18bd23411ebd6f2a0cdfe0,flask.py,,,,,,,,,
9d19b77acf413de77b39ed1c6d972fb1e5fef1c3,conf.py,44.72047137395506,46.94672786920311,2.2262564952480517,0.0,0.0,,241.0,241.0,0.0
9d19b77acf413de77b39ed1c6d972fb1e5fef1c3,minitwit.py,48.90029400499156,48.79472242460183,-0.10557158038972858,44.0,44.0,0.0,249.0,250.0,1.0
74d458b40c0bdb140e7feab9af407642eb3dcea1,flask.py,,,,,,,,,
8d356d7cda963e2fa6437c5a5fef035e13cc80c5,conf.py,46.94672786920311,49.82418047143514,2.877452602232033,0.0,0.0,,241.0,243.0,2.0
e432d833b5f7b4c27e2dca5d5125bbf78a46327d,minitwit.py,48.79472242460183,48.90029400499156,0.10557158038972858,44.0,44.0,0.0,250.0,249.0,-1.0
68278fd78e15e3ef6a591f3f2b6cc700d1e4d6dd,flask.py,,,,,,,,,
4d16486132c349cdc7d473ef3c238dfa3f9d5385,flask.py,,,,,,,,,
4d16486132c349cdc7d473ef3c238dfa3f9d5385,flask_tests.py,,,,,,,,,
35fd6eb22c4dec893770dd5720a51608a06fb8cd,flask.py,,,,,,,,,
35fd6eb22c4dec893770dd5720a51608a06fb8cd,flask_tests.py,,,,,,,,,
182ee31503ea8a9eefd0d7063bd7fbdde991e13b,flask.py,,,,,,,,,
dfecc86dd315586bec8f5f0838195d03ba7165d3,flaskr.py,70.28534779104871,70.28534779104871,0.0,13.0,13.0,0.0,98.0,98.0,0.0
dfecc86dd315586bec8f5f0838195d03ba7165d3,flaskr_tests.py,71.15958362963855,70.4219402398967,-0.737643389741848,18.0,18.0,0.0,70.0,74.0,4.0
dfecc86dd315586bec8f5f0838195d03ba7165d3,minitwit.py,48.90029400499156,48.4825109543349,-0.4177830506566593,44.0,44.0,0.0,249.0,248.0,-1.0
dfecc86dd315586bec8f5f0838195d03ba7165d3,minitwit_tests.py,52.59502575604818,52.59502575604818,0.0,45.0,45.0,0.0,149.0,149.0,0.0
ce6e4cbd73d57cb8c1bba85c46490f71061f865f,flask.py,,,,,,,,,
ce6e4cbd73d57cb8c1bba85c46490f71061f865f,setup.py,100.0,100.0,0.0,0.0,0.0,,71.0,71.0,0.0
4ca1d0a2ed7639d3f1d2e466a777f7e6b0e8aa0a,setup.py,100.0,100.0,0.0,0.0,0.0,,71.0,71.0,0.0
6cb0855e2dd181df5353fc1be9b437c7bc92eb2f,flask.py,,,,,,,,,
6cb0855e2dd181df5353fc1be9b437c7bc92eb2f,flask_tests.py,,,,,,,,,
9959ddd3da09f619d467891b194389851cf50367,flask.py,,,,,,,,,
7a4b6088395387abe4127c9650f9cbaac11a0ec4,flask.py,,,,,,,,,
7a4b6088395387abe4127c9650f9cbaac11a0ec4,flask_tests.py,,,,,,,,,
50bca8c2d34b4b31ffcc98f6ced44b18de3c78b0,flask.py,,,,,,,,,
707b30749daf407c07b5b265bd892564576ad80a,setup.py,100.0,100.0,0.0,0.0,1.0,,71.0,79.0,8.0
33e7f2b990e3889d6aa9cffef4a4c9d7d0923698,flask.py,,,,,,,,,
33e7f2b990e3889d6aa9cffef4a4c9d7d0923698,flask_tests.py,,,,,,,,,
bc00fd1e83f23f57dd6a765b6a4bab2394584ae6,flask.py,,,,,,,,,
bc00fd1e83f23f57dd6a765b6a4bab2394584ae6,flask_tests.py,,,,,,,,,
9983e847425621b5e474ae9da6822f1af0b0cc1f,flask.py,,,,,,,,,
9983e847425621b5e474ae9da6822f1af0b0cc1f,flask_tests.py,,,,,,,,,
1ffa295d933c7e0cd1ee14c1592c40f72b9f22bb,conf.py,49.82418047143514,,,0.0,,,243.0,,
12c2cb5e12895a0d16b37b7a9e9a96d69a34c36e,flask.py,,,,,,,,,
cc7876f97fbc787ac7702453bdc62541f8ea47f6,flask.py,,,,,,,,,
e67903d134039b2452b2a3806e10451491ce768d,flask.py,,,,,,,,,
88a031ab24b0e7e2a5190f9e48f80f2b21aba1a0,flask.py,,,,,,,,,
51a5add86d0fa9889b69d51d45d06a2ac4c5df9f,flask.py,,,,,,,,,
06ed3e1e8888b73794876d39a53382eb45a54fe2,flask.py,,,,,,,,,
f5fb4576577cbedcedba9eb16d9fdace18c9292c,flask.py,,,,,,,,,
33a035bb0ec07a4ca92f1397e7caeb7714c57bd6,flask.py,,,,,,,,,
20c2e53893c202a4555bd7390672ee948fa6b1e0,flask.py,,,,,,,,,
d44b12774879cba83bf33c8ed7733157ab84d778,flask.py,,,,,,,,,
d44b12774879cba83bf33c8ed7733157ab84d778,flask_tests.py,,,,,,,,,
528ae04be024ea27881f4c45e23590c011a8ea66,setup.py,100.0,100.0,0.0,1.0,1.0,0.0,79.0,79.0,0.0
c68cf834330f94e3018d660a6fc967c16e374762,flask.py,,,,,,,,,
f195d9244756b9809bd2b00601b437f3e278b0b9,flask.py,,,,,,,,,
f195d9244756b9809bd2b00601b437f3e278b0b9,flask_tests.py,,,,,,,,,
7ea1b801cc1f7d09ee18e8d70957c9d34b870700,flask.py,,,,,,,,,
bcd746e8cf0fc5f405c5f32b80517a4390de6fd9,flask_tests.py,,,,,,,,,
3ab318a7ddca819e13d6d161b008b62b6583453e,flask.py,,,,,,,,,
a154c87cfca3e21316552b2ec558029f9c96122a,flask.py,,,,,,,,,
ee16a68bbd7caf4c8e79c5d6859f72ad38539bbf,flask.py,,,,,,,,,
d0dc89ea802130e8a3a16b4fba73fa10815c09fb,__init__.py,,100.0,,,0.0,,,58.0,
d0dc89ea802130e8a3a16b4fba73fa10815c09fb,app.py,,,,,,,,,
d0dc89ea802130e8a3a16b4fba73fa10815c09fb,conf.py,,65.12035622577794,,,20.0,,,135.0,
d0dc89ea802130e8a3a16b4fba73fa10815c09fb,ctx.py,,,,,,,,,
d0dc89ea802130e8a3a16b4fba73fa10815c09fb,helpers.py,,51.73063321899921,,,42.0,,,310.0,
d0dc89ea802130e8a3a16b4fba73fa10815c09fb,module.py,,70.74567127918512,,,18.0,,,151.0,
d0dc89ea802130e8a3a16b4fba73fa10815c09fb,session.py,,100.0,,,7.0,,,28.0,
d0dc89ea802130e8a3a16b4fba73fa10815c09fb,wrappers.py,,77.47740976564674,,,12.0,,,57.0,
c4f64c1c475badaeef009ad46846e32a8e5c9b66,__init__.py,100.0,100.0,0.0,0.0,0.0,,58.0,23.0,-35.0
c4f64c1c475badaeef009ad46846e32a8e5c9b66,app.py,,,,,,,,,
c4f64c1c475badaeef009ad46846e32a8e5c9b66,conf.py,65.12035622577794,66.81360898158944,1.6932527558114998,20.0,20.0,0.0,135.0,139.0,4.0
c4f64c1c475badaeef009ad46846e32a8e5c9b66,ctx.py,,,,,,,,,
c4f64c1c475badaeef009ad46846e32a8e5c9b66,globals.py,,100.0,,,0.0,,,8.0,
c4f64c1c475badaeef009ad46846e32a8e5c9b66,helpers.py,51.73063321899921,53.16235942759627,1.4317262085970626,42.0,44.0,2.0,310.0,328.0,18.0
c4f64c1c475badaeef009ad46846e32a8e5c9b66,module.py,70.74567127918512,70.90961734533501,0.16394606614989016,18.0,18.0,0.0,151.0,152.0,1.0
c4f64c1c475badaeef009ad46846e32a8e5c9b66,session.py,100.0,100.0,0.0,7.0,7.0,0.0,28.0,31.0,3.0
c4f64c1c475badaeef009ad46846e32a8e5c9b66,wrappers.py,77.47740976564674,81.24452387999715,3.767114114350406,12.0,12.0,0.0,57.0,64.0,7.0
1a69c7d4bf4d87d00b5fb2551ea39ee7c932768b,flask_tests.py,,,,,,,,,
b2c7efd0fabcc0514e27d03ed30f5f8af1de1065,flask.py,,,,,,,,,
7599046d042d1bb3f2db6cdcd6458338802901c4,flask.py,,,,,,,,,
7599046d042d1bb3f2db6cdcd6458338802901c4,flask_tests.py,,,,,,,,,
8798b4b7112fb984bd244c8581ab03ef4a7ba766,__init__.py,100.0,100.0,0.0,0.0,0.0,,23.0,23.0,0.0
8798b4b7112fb984bd244c8581ab03ef4a7ba766,app.py,,,,,,,,,
8798b4b7112fb984bd244c8581ab03ef4a7ba766,flask_tests.py,,,,,,,,,
dd59d7241d0ebc713d51ab939f53ebd0df8b2dac,app.py,,,,,,,,,
4f8ee8f12946b224e5003405be99aa4e454bdeee,__init__.py,100.0,100.0,0.0,0.0,0.0,,23.0,24.0,1.0
4f8ee8f12946b224e5003405be99aa4e454bdeee,app.py,,,,,,,,,
4f8ee8f12946b224e5003405be99aa4e454bdeee,config.py,66.81360898158944,62.64633136663397,-4.1672776149554664,20.0,20.0,0.0,139.0,150.0,11.0
4f8ee8f12946b224e5003405be99aa4e454bdeee,ctx.py,,,,,,,,,
4f8ee8f12946b224e5003405be99aa4e454bdeee,globals.py,100.0,100.0,0.0,0.0,0.0,,8.0,20.0,12.0
4f8ee8f12946b224e5003405be99aa4e454bdeee,helpers.py,53.16235942759627,51.707288091406504,-1.4550713361897678,44.0,44.0,0.0,328.0,341.0,13.0
4f8ee8f12946b224e5003405be99aa4e454bdeee,module.py,70.90961734533501,68.44807048128891,-2.461546864046099,18.0,18.0,0.0,152.0,163.0,11.0
4f8ee8f12946b224e5003405be99aa4e454bdeee,session.py,100.0,100.0,0.0,7.0,7.0,0.0,31.0,43.0,12.0
4f8ee8f12946b224e5003405be99aa4e454bdeee,wrappers.py,81.24452387999715,71.38076104429906,-9.863762835698083,12.0,11.0,-1.0,64.0,70.0,6.0
4f8ee8f12946b224e5003405be99aa4e454bdeee,setup.py,100.0,100.0,0.0,1.0,1.0,0.0,79.0,79.0,0.0
88d9315d1955ea4ee99f53e21593a0d1d9047ed0,__init__.py,100.0,100.0,0.0,0.0,0.0,,24.0,24.0,0.0
d0c6ad7d287e543fcc941aa2b42557e06b9dc142,app.py,,,,,,,,,
d0c6ad7d287e543fcc941aa2b42557e06b9dc142,helpers.py,51.707288091406504,51.44742719454645,-0.2598608968600544,44.0,49.0,5.0,341.0,370.0,29.0
532347d6adf1da64259f1af91860d5fa27bac9f1,app.py,,,,,,,,,
532347d6adf1da64259f1af91860d5fa27bac9f1,helpers.py,51.44742719454645,51.32377144047134,-0.12365575407510931,49.0,50.0,1.0,370.0,371.0,1.0
fedc06c2950a4c9930082a014d0f8da6ee0193be,app.py,,,,,,,,,
fedc06c2950a4c9930082a014d0f8da6ee0193be,helpers.py,51.32377144047134,51.26595892223043,-0.05781251824090816,50.0,46.0,-4.0,371.0,355.0,-16.0
15012af70017962c2a22bc3fe670b9cc50782366,app.py,,,,,,,,,
15012af70017962c2a22bc3fe670b9cc50782366,helpers.py,51.26595892223043,50.68978906565595,-0.5761698565744808,46.0,50.0,4.0,355.0,379.0,24.0
15012af70017962c2a22bc3fe670b9cc50782366,module.py,68.44807048128891,66.35004918441598,-2.098021296872929,18.0,20.0,2.0,163.0,189.0,26.0
a38dcd5e2bed1bcf2c1fc319fa9c3bc35e360fe0,app.py,,,,,,,,,
a38dcd5e2bed1bcf2c1fc319fa9c3bc35e360fe0,helpers.py,50.68978906565595,50.53580673040064,-0.15398233525531424,50.0,52.0,2.0,379.0,391.0,12.0
a38dcd5e2bed1bcf2c1fc319fa9c3bc35e360fe0,module.py,66.35004918441598,66.37590415897594,0.02585497455996233,20.0,19.0,-1.0,189.0,187.0,-2.0
a3c9494f67a0e89d44f459dac9eb9d0bc9b9025b,__init__.py,100.0,100.0,0.0,0.0,0.0,,24.0,24.0,0.0
a3c9494f67a0e89d44f459dac9eb9d0bc9b9025b,app.py,,,,,,,,,
a3c9494f67a0e89d44f459dac9eb9d0bc9b9025b,helpers.py,50.53580673040064,51.83746728698641,1.301660556585773,52.0,50.0,-2.0,391.0,366.0,-25.0
a3c9494f67a0e89d44f459dac9eb9d0bc9b9025b,templating.py,,82.39710476577208,,,15.0,,,74.0,
665fa2a32b5ff2b1c1887a48ed69329110a555f7,app.py,,,,,,,,,
665fa2a32b5ff2b1c1887a48ed69329110a555f7,ctx.py,,,,,,,,,
665fa2a32b5ff2b1c1887a48ed69329110a555f7,templating.py,82.39710476577208,81.8644846543605,-0.5326201114115889,15.0,16.0,1.0,74.0,86.0,12.0
d67a36cbdb20bfd9cd9931bceb8e6e3c27e9263f,module.py,66.37590415897594,66.37590415897594,0.0,19.0,19.0,0.0,187.0,187.0,0.0
d67a36cbdb20bfd9cd9931bceb8e6e3c27e9263f,flask_tests.py,,,,,,,,,
d67a36cbdb20bfd9cd9931bceb8e6e3c27e9263f,__init__.py,,100.0,,,1.0,,,9.0,
d67a36cbdb20bfd9cd9931bceb8e6e3c27e9263f,__init__.py,,100.0,,,1.0,,,9.0,
d67a36cbdb20bfd9cd9931bceb8e6e3c27e9263f,__init__.py,,100.0,,,1.0,,,9.0,
d67a36cbdb20bfd9cd9931bceb8e6e3c27e9263f,__init__.py,,100.0,,,1.0,,,9.0,
b551f15b22c1d7d7749901e8d186246fb12038e8,app.py,,,,,,,,,
b551f15b22c1d7d7749901e8d186246fb12038e8,config.py,62.64633136663397,63.25765084937921,0.6113194827452375,20.0,20.0,0.0,150.0,152.0,2.0
2b00ec4017ee6b930bb805c294a459f112e4bc80,app.py,,,,,,,,,
2b00ec4017ee6b930bb805c294a459f112e4bc80,helpers.py,51.83746728698641,51.83746728698641,0.0,50.0,50.0,0.0,366.0,366.0,0.0
9e1111c2fbc2c7670eb489df0262a90417b96019,__init__.py,100.0,100.0,0.0,0.0,0.0,,24.0,28.0,4.0
80eb6cfffc3f3fe6e448aa0e26ba1566d4c42917,__init__.py,100.0,100.0,0.0,0.0,0.0,,28.0,28.0,0.0
80eb6cfffc3f3fe6e448aa0e26ba1566d4c42917,app.py,,,,,,,,,
80eb6cfffc3f3fe6e448aa0e26ba1566d4c42917,ctx.py,,,,,,,,,
80eb6cfffc3f3fe6e448aa0e26ba1566d4c42917,helpers.py,51.83746728698641,51.83746728698641,0.0,50.0,50.0,0.0,366.0,366.0,0.0
80eb6cfffc3f3fe6e448aa0e26ba1566d4c42917,templating.py,81.8644846543605,81.8644846543605,0.0,16.0,16.0,0.0,86.0,86.0,0.0
80eb6cfffc3f3fe6e448aa0e26ba1566d4c42917,wrappers.py,71.38076104429906,71.38076104429906,0.0,11.0,11.0,0.0,70.0,70.0,0.0
51a89bf35ec6231d55f5caa8e12484e801f593fe,helpers.py,51.83746728698641,51.790561335369055,-0.04690595161735445,50.0,50.0,0.0,366.0,370.0,4.0
51a89bf35ec6231d55f5caa8e12484e801f593fe,module.py,66.37590415897594,66.37590415897594,0.0,19.0,19.0,0.0,187.0,187.0,0.0
51a89bf35ec6231d55f5caa8e12484e801f593fe,wrappers.py,71.38076104429906,69.89804862829665,-1.482712416002414,11.0,11.0,0.0,70.0,69.0,-1.0
f1cde5bbfcb7f0466ad35511ffe2e31ea57756d6,app.py,,,,,,,,,
f1cde5bbfcb7f0466ad35511ffe2e31ea57756d6,module.py,66.37590415897594,63.36190186165337,-3.0140022973225697,19.0,19.0,0.0,187.0,202.0,15.0
8945a97a42d6475b1ee9fcb2689dc65dfce9828f,helpers.py,51.790561335369055,51.87237523761494,0.0818139022458837,50.0,50.0,0.0,370.0,371.0,1.0
8945a97a42d6475b1ee9fcb2689dc65dfce9828f,flask_tests.py,,,,,,,,,
b7109865a352e6bbee55247731136a46e1bab04d,helpers.py,51.87237523761494,51.92021813770364,0.04784290008870329,50.0,50.0,0.0,371.0,367.0,-4.0
ac13deff401069c3854acca10c926119c6e1cbe0,__init__.py,100.0,100.0,0.0,0.0,0.0,,28.0,29.0,1.0
ac13deff401069c3854acca10c926119c6e1cbe0,app.py,,,,,,,,,
ac13deff401069c3854acca10c926119c6e1cbe0,helpers.py,51.92021813770364,50.34832589295389,-1.5718922447497548,50.0,51.0,1.0,367.0,389.0,22.0
ac13deff401069c3854acca10c926119c6e1cbe0,module.py,63.36190186165337,63.36190186165337,0.0,19.0,19.0,0.0,202.0,202.0,0.0
ac13deff401069c3854acca10c926119c6e1cbe0,flask_tests.py,,,,,,,,,
c34b03e9a677e467ea420d4286d4350ed429a4b8,helpers.py,50.34832589295389,49.53705688039741,-0.8112690125564797,51.0,51.0,0.0,389.0,398.0,9.0
df3f8940c30447f28f2ddf2a5f764cf543755f0d,app.py,,,,,,,,,
df3f8940c30447f28f2ddf2a5f764cf543755f0d,ctx.py,,,,,,,,,
df3f8940c30447f28f2ddf2a5f764cf543755f0d,module.py,63.36190186165337,63.36190186165337,0.0,19.0,19.0,0.0,202.0,202.0,0.0
df3f8940c30447f28f2ddf2a5f764cf543755f0d,testing.py,,93.53118469338447,,,8.0,,,39.0,
e5d82020384ae527c36424b52612bbe625db9268,testing.py,93.53118469338447,93.88811149903202,0.35692680564754653,8.0,8.0,0.0,39.0,44.0,5.0
77e2fbf249031a7adb7e745f15ad5645027b5994,app.py,,,,,,,,,
77e2fbf249031a7adb7e745f15ad5645027b5994,logging.py,,100.0,,,1.0,,,42.0,
77e2fbf249031a7adb7e745f15ad5645027b5994,testing.py,93.88811149903202,93.88811149903202,0.0,8.0,8.0,0.0,44.0,45.0,1.0
da514b398429653dbd368c6da48c9863d3c2632f,app.py,,,,,,,,,
da514b398429653dbd368c6da48c9863d3c2632f,flask_tests.py,,,,,,,,,
77743a5f15ddbc7d826abd4f189217bef88991b6,module.py,63.36190186165337,62.86297322714497,-0.4989286345084025,19.0,19.0,0.0,202.0,204.0,2.0
3f7ab1797730b8d07497744878d109baa9b235a5,setup.py,100.0,100.0,0.0,1.0,1.0,0.0,79.0,79.0,0.0
98ea6579c80fc7754eef433e3d6a0f232b8be75a,setup.py,100.0,100.0,0.0,1.0,1.0,0.0,79.0,79.0,0.0
0a93c552cc3318396e44c6ab1282190898ce0012,templating.py,81.8644846543605,80.4607343795051,-1.4037502748553976,16.0,19.0,3.0,86.0,88.0,2.0
0a93c552cc3318396e44c6ab1282190898ce0012,flask_tests.py,,,,,,,,,
16e4d5a6553ff9c89a61c44ddec7da21126b631a,app.py,,,,,,,,,
16e4d5a6553ff9c89a61c44ddec7da21126b631a,logging.py,100.0,100.0,0.0,1.0,1.0,0.0,42.0,42.0,0.0
16e4d5a6553ff9c89a61c44ddec7da21126b631a,module.py,62.86297322714497,62.86297322714497,0.0,19.0,19.0,0.0,204.0,204.0,0.0
16e4d5a6553ff9c89a61c44ddec7da21126b631a,session.py,100.0,100.0,0.0,7.0,7.0,0.0,43.0,43.0,0.0
16e4d5a6553ff9c89a61c44ddec7da21126b631a,templating.py,80.4607343795051,80.4607343795051,0.0,19.0,19.0,0.0,88.0,88.0,0.0
0198313a22a98361947fceb8544c355be676f784,helpers.py,49.53705688039741,49.581872233827234,0.04481535342982568,51.0,51.0,0.0,398.0,403.0,5.0
d12d73263f5d1664a65a42f71f19158b7e07ef2c,app.py,,,,,,,,,
d12d73263f5d1664a65a42f71f19158b7e07ef2c,flask_tests.py,,,,,,,,,
5e1b1030e8edecb0c9652f2a406933c049ea2397,app.py,,,,,,,,,
5e1b1030e8edecb0c9652f2a406933c049ea2397,ctx.py,,,,,,,,,
5e1b1030e8edecb0c9652f2a406933c049ea2397,helpers.py,49.581872233827234,49.68168252714165,0.0998102933144196,51.0,51.0,0.0,403.0,404.0,1.0
5e1b1030e8edecb0c9652f2a406933c049ea2397,wrappers.py,69.89804862829665,67.51951784134103,-2.378530786955622,11.0,13.0,2.0,69.0,80.0,11.0
5e1b1030e8edecb0c9652f2a406933c049ea2397,flask_tests.py,,,,,,,,,
6e52355eb303e1b47f7b83ddbb94ff432e2df139,wrappers.py,67.51951784134103,67.41112761075827,-0.10839023058275643,13.0,13.0,0.0,80.0,80.0,0.0
ed16ae2183ad44a7ba89aedd331a180455ed0836,app.py,,,,,,,,,
ed16ae2183ad44a7ba89aedd331a180455ed0836,helpers.py,49.68168252714165,49.61376519036334,-0.06791733677831502,51.0,50.0,-1.0,404.0,402.0,-2.0
aa3d8398fd1a38b449b64fea4979f358f3c711e3,app.py,,,,,,,,,
aa3d8398fd1a38b449b64fea4979f358f3c711e3,templating.py,80.4607343795051,80.5294480042946,0.0687136247894955,19.0,19.0,0.0,88.0,89.0,1.0
aa3d8398fd1a38b449b64fea4979f358f3c711e3,flask_tests.py,,,,,,,,,
85ff63c32e7237280bff3293481a371fb3da180c,helpers.py,49.61376519036334,48.97045847064363,-0.6433067197197104,50.0,51.0,1.0,402.0,413.0,11.0
85ff63c32e7237280bff3293481a371fb3da180c,flask_tests.py,,,,,,,,,
b1790cca55956c0cda132ac2fa6a2fb53fd2d009,app.py,,,,,,,,,
b1790cca55956c0cda132ac2fa6a2fb53fd2d009,wrappers.py,67.41112761075827,71.55409014889274,4.142962538134469,13.0,14.0,1.0,80.0,88.0,8.0
f5b8c082847baa8a902cef22c43a5d50d7a55bdc,app.py,,,,,,,,,
f5b8c082847baa8a902cef22c43a5d50d7a55bdc,helpers.py,48.97045847064363,48.70839925503008,-0.2620592156135473,51.0,53.0,2.0,413.0,422.0,9.0
f5b8c082847baa8a902cef22c43a5d50d7a55bdc,module.py,62.86297322714497,62.363784049096225,-0.49918917804874496,19.0,19.0,0.0,204.0,213.0,9.0
f5b8c082847baa8a902cef22c43a5d50d7a55bdc,flask_tests.py,,,,,,,,,
1202996c634b23f82421753cb7c46a5ccdf7aca2,templating.py,80.5294480042946,82.26031954561769,1.730871541323097,19.0,16.0,-3.0,89.0,86.0,-3.0
6fc1492357a94ab553fe7ef16a7a2235d05f5a1d,__init__.py,100.0,100.0,0.0,0.0,0.0,,29.0,29.0,0.0
6fc1492357a94ab553fe7ef16a7a2235d05f5a1d,helpers.py,48.70839925503008,45.61751730000123,-3.0908819550288484,53.0,56.0,3.0,422.0,464.0,42.0
6fc1492357a94ab553fe7ef16a7a2235d05f5a1d,flask_tests.py,,,,,,,,,
90b8df3e4ce762ac4de4a6fabd8fb34532bedd5e,helpers.py,45.61751730000123,45.61751730000123,0.0,56.0,56.0,0.0,464.0,464.0,0.0
e0712b47c6e5bc98f2afd8b0a82cc5005dc58722,conf.py,,,,,,,,,
e0712b47c6e5bc98f2afd8b0a82cc5005dc58722,__init__.py,100.0,100.0,0.0,0.0,0.0,,29.0,33.0,4.0
e0712b47c6e5bc98f2afd8b0a82cc5005dc58722,app.py,,,,,,,,,
e0712b47c6e5bc98f2afd8b0a82cc5005dc58722,signals.py,,100.0,,,7.0,,,50.0,
e0712b47c6e5bc98f2afd8b0a82cc5005dc58722,templating.py,82.26031954561769,81.37407998263001,-0.8862395629876829,16.0,17.0,1.0,86.0,96.0,10.0
e0712b47c6e5bc98f2afd8b0a82cc5005dc58722,flask_tests.py,,,,,,,,,
91e9632a379ebdd778c229a6da86d11140fa7f17,app.py,,,,,,,,,
a3a72e2d8d8df53164689fd84a5db2c6cd04f28a,app.py,,,,,,,,,
a3a72e2d8d8df53164689fd84a5db2c6cd04f28a,ctx.py,,,,,,,,,
e5008386b1a7e0ef3ebb5a4082bf2176d7169ab9,app.py,,,,,,,,,
b6cae028f7a2c77108e5ef91e34c285a9ae7ad81,signals.py,100.0,100.0,0.0,7.0,7.0,0.0,50.0,49.0,-1.0
405d4492e41b50f204d7e7d55aa0ac8f11edda1a,app.py,,,,,,,,,
97d2a198e216b29be5533dfba81525481bc9c1e5,conf.py,,,,,,,,,
5d011c356dfc659a4c2ef66e8c847d489aef4e9c,conf.py,,,,,,,,,
2b103134cf165ba453d5492e1a73b57b1e5bef1e,conf.py,,,,,,,,,
27d28dcef4cee8765dcd7a567689d35a41ddcd75,__init__.py,100.0,100.0,0.0,0.0,0.0,,33.0,34.0,1.0
2912ff6f6e85983c372e1bc481337f3fdf6c7b9d,signals.py,100.0,100.0,0.0,7.0,7.0,0.0,49.0,50.0,1.0
c5b1755317c7bdfc20f4395a9a29a83b5b9cfd43,flask_tests.py,,,,,,,,,
80268a408b981254bbf2bd318aaade9a21a281ef,conf.py,,,,,,,,,
b49afa21ade898061d279ea20ba964d7e583c419,flask_tests.py,,,,,,,,,
7680d52f42a562eda2e3f75b34118abb08d93414,app.py,,,,,,,,,
7680d52f42a562eda2e3f75b34118abb08d93414,module.py,62.363784049096225,61.98255453853597,-0.381229510560253,19.0,19.0,0.0,213.0,221.0,8.0
7680d52f42a562eda2e3f75b34118abb08d93414,flask_tests.py,,,,,,,,,
dcf5dff414f2f4b9b24047510d3fa7ac643e971f,conf.py,,,,,,,,,
f4bfae622b5515ebde795fb71e3cc128cc0d5ead,flaskext_test.py,,,,,,,,,
a993a314fe7be148747cf804167d45f2ea8bf18e,templating.py,81.37407998263001,81.37407998263001,0.0,17.0,17.0,0.0,96.0,96.0,0.0
3a80ecc66057d97e3a0ceb40e99ea7bde035381b,flaskext_test.py,,,,,,,,,
fee5bdafe84bfcec492c2643544373c71f1e82a8,app.py,,,,,,,,,
fee5bdafe84bfcec492c2643544373c71f1e82a8,helpers.py,45.61751730000123,45.49998087294635,-0.11753642705487977,56.0,56.0,0.0,464.0,463.0,-1.0
d455135338d84dfac2a2b98f52cde1d43dd87681,flaskext_test.py,,,,,,,,,
63a37b75aca15085e685d99f8b7a2e79c83e1f57,flaskext_test.py,,,,,,,,,
140fc45ebd052ea07492c068e45d755d4b42c65c,flaskext_test.py,,,,,,,,,
8bd8b014a8393d4b94e6fd192b64e3a2d2f65fce,flaskext_test.py,,,,,,,,,
6aeb6a09aff3115466eb39253ec236ec98348d9e,flaskext_test.py,,,,,,,,,
16b101edb6c10a984b0f2960feeeca5a458845a1,setup.py,100.0,100.0,0.0,1.0,1.0,0.0,79.0,79.0,0.0
4cd5201cdd03e14edbceb24620717bbe82300524,flaskext_test.py,,,,,,,,,
dbf55de7e8bfcf7cde967aa72ea006b764d484ac,app.py,,,,,,,,,
dbf55de7e8bfcf7cde967aa72ea006b764d484ac,flask_tests.py,,,,,,,,,
952967fcab0ffccc6b67485e8eed994a69d38d03,app.py,,,,,,,,,
801918603cb075f96ff6c08a6fc6fb165f1eecda,helpers.py,45.49998087294635,45.49998087294635,0.0,56.0,56.0,0.0,463.0,463.0,0.0
778e44e39eb42ff6cbee376ce40d1a52a25cb0ce,config.py,63.25765084937921,,,20.0,,,152.0,,
778e44e39eb42ff6cbee376ce40d1a52a25cb0ce,flask_tests.py,,,,,,,,,
549af6229039e7fed7bcb2079737e45c27af998e,app.py,,,,,,,,,
549af6229039e7fed7bcb2079737e45c27af998e,helpers.py,45.49998087294635,45.49998087294635,0.0,56.0,56.0,0.0,463.0,463.0,0.0
549af6229039e7fed7bcb2079737e45c27af998e,module.py,61.98255453853597,61.98255453853597,0.0,19.0,19.0,0.0,221.0,221.0,0.0
549af6229039e7fed7bcb2079737e45c27af998e,wrappers.py,71.55409014889274,71.55409014889274,0.0,14.0,14.0,0.0,88.0,88.0,0.0
f52f4fd31b9858f8b42be3fbb2818440e58978b4,setup.py,100.0,,,1.0,,,79.0,,
c9002569c9abfa715e491aa636555e51ddf85d50,flask_tests.py,,,,,,,,,
c9002569c9abfa715e491aa636555e51ddf85d50,flaskext_test.py,,,,,,,,,
faa1c71e455a99e9b098aa9bb4667c07a1bab6aa,globals.py,100.0,98.43869932713106,-1.5613006728689385,0.0,2.0,,20.0,27.0,7.0
faa1c71e455a99e9b098aa9bb4667c07a1bab6aa,flask_tests.py,,,,,,,,,
fda14678c07d036ef3a1984a4e346e793cc5a63c,helpers.py,45.49998087294635,45.43318470016794,-0.06679617277841032,56.0,60.0,4.0,463.0,488.0,25.0
fda14678c07d036ef3a1984a4e346e793cc5a63c,flask_tests.py,,,,,,,,,
a3a843999b8f98a96fb44f573515d44648d72bab,templating.py,81.37407998263001,80.48093158989072,-0.8931483927392918,17.0,18.0,1.0,96.0,100.0,4.0
a3a843999b8f98a96fb44f573515d44648d72bab,flask_tests.py,,,,,,,,,
a3a843999b8f98a96fb44f573515d44648d72bab,__init__.py,100.0,100.0,0.0,1.0,2.0,1.0,9.0,14.0,5.0
9a21c34bb63c2343b7c8c6bcfc51fc72030909ed,flask_tests.py,,,,,,,,,
6fca662c841797a2006999c699a6738b20af1d4e,module.py,61.98255453853597,62.265184346472104,0.28262980793613224,19.0,19.0,0.0,221.0,222.0,1.0
2a73bbc436041875f81aeffd5b8f13c6da8fcf19,flask_tests.py,,,,,,,,,
2a73bbc436041875f81aeffd5b8f13c6da8fcf19,__init__.py,,100.0,,,0.0,,,4.0,
eb67242e1cb08566a1cd2489933479368a48b4a5,app.py,,,,,,,,,
1e4e578d73b78e2e11696b2e2d0763fd00367521,app.py,,,,,,,,,
1d2a308c202f401446fa1f092fe0af904ac0230d,flaskext_test.py,,,,,,,,,
405c2992f8de441789a1ed82045ab77cefbbedfc,config.py,,,,,,,,,
88883aa6db3b27f132000a4cf2a99c1fbbe941c9,app.py,,,,,,,,,
88883aa6db3b27f132000a4cf2a99c1fbbe941c9,flask_tests.py,,,,,,,,,
a327452540bbcffe73207f8164504115b6c9e856,app.py,,,,,,,,,
a327452540bbcffe73207f8164504115b6c9e856,testing.py,93.88811149903202,79.17742224681986,-14.710689252212163,8.0,13.0,5.0,45.0,67.0,22.0
a327452540bbcffe73207f8164504115b6c9e856,flask_tests.py,,,,,,,,,
d4c44a7d8c1554dfafc240f6a1714bc58fdc05f5,app.py,,,,,,,,,
94a7312d5ac5e2f949c4e27ecf2a273cec3d8c0c,flaskr_tests.py,70.4219402398967,70.4219402398967,0.0,18.0,18.0,0.0,74.0,74.0,0.0
858806da69f9f46eb4abaf67bf78d864ea104760,helpers.py,45.43318470016794,45.199642430841585,-0.2335422693263567,60.0,60.0,0.0,488.0,490.0,2.0
8569dfee6136bfda4a5fa2297aed3d82700bb1a5,app.py,,,,,,,,,
8569dfee6136bfda4a5fa2297aed3d82700bb1a5,flask_tests.py,,,,,,,,,
164067920ba7832e587a24725384789ab92bd55f,flaskr.py,70.28534779104871,70.28534779104871,0.0,13.0,13.0,0.0,98.0,98.0,0.0
164067920ba7832e587a24725384789ab92bd55f,minitwit.py,48.4825109543349,48.4825109543349,0.0,44.0,44.0,0.0,248.0,248.0,0.0
164067920ba7832e587a24725384789ab92bd55f,flask_tests.py,,,,,,,,,
4b65c7ed5a31d56e194817231eb88e1083ba285d,app.py,,,,,,,,,
fb88d9d0253bffdd67665d2e1b761bd3d9986804,app.py,,,,,,,,,
ed70b42798a31bce951917ff22b996c810e2c3a9,helpers.py,45.199642430841585,44.362989424155295,-0.8366530066862907,60.0,63.0,3.0,490.0,500.0,10.0
11c66be80e3e249c5f14dd9a23f49a073cd03903,flask_tests.py,,,,,,,,,
9ae4eba9861bfa959bac6adfaf5842ef7d937eb6,module.py,62.265184346472104,62.265184346472104,0.0,19.0,19.0,0.0,222.0,222.0,0.0
402f12bb6d578b767dfd637400f9194736458795,conf.py,,,,,,,,,
07688d7b9302fd47cfd0ea053171ad6561c3f9b9,helpers.py,44.362989424155295,44.362989424155295,0.0,63.0,63.0,0.0,500.0,500.0,0.0
99be2ec022e2ceb1c21527c8278a7179630430d5,app.py,,,,,,,,,
99be2ec022e2ceb1c21527c8278a7179630430d5,flask_tests.py,,,,,,,,,
4a45345fc44f60275b91c47031dd44abce02f596,helpers.py,44.362989424155295,44.362989424155295,0.0,63.0,63.0,0.0,500.0,500.0,0.0
8a73097fe528430eb77ac26c81ba85229a8af553,flask_tests.py,,,,,,,,,
b0ca7e5af15ef2218b9726aba1d8948a409dedb9,app.py,,,,,,,,,
b0ca7e5af15ef2218b9726aba1d8948a409dedb9,module.py,62.265184346472104,62.915597004955885,0.6504126584837806,19.0,20.0,1.0,222.0,230.0,8.0
0bf777ed81d5296fb722931d35e5db4333e3de39,helpers.py,44.362989424155295,44.8104608357965,0.4474714116412031,63.0,63.0,0.0,500.0,496.0,-4.0
1643e5c39157e4f43d20b965c9967eeec8e90700,app.py,,,,,,,,,
00c5b7a937b63378394fc6fc576aa6c27106d6d6,app.py,,,,,,,,,
00c5b7a937b63378394fc6fc576aa6c27106d6d6,flask_tests.py,,,,,,,,,
b3fc9eb36b8021ad966be57532a5fa5ae4231e13,ctx.py,,,,,,,,,
5cc40f4728d5b5356cf49b7dfaa2b130e0b0aedf,config.py,,,,,,,,,
fa9817778c83eb35b9c2c4332ccb7e5190d1ffa2,config.py,,,,,,,,,
fa9817778c83eb35b9c2c4332ccb7e5190d1ffa2,flask_tests.py,,,,,,,,,
34a494713c085926d023f8e8f9cf6f0c40bab660,config.py,,,,,,,,,
235369fd613b72c1767b2b20d9f94dee1d6090d5,config.py,,,,,,,,,
04e70bd5c7bd80696eabaea11afd9080d874f859,app.py,,,,,,,,,
04e70bd5c7bd80696eabaea11afd9080d874f859,flask_tests.py,,,,,,,,,
fbd488678f93c13527a9fba252bd89b53abec5e9,__init__.py,100.0,100.0,0.0,0.0,0.0,,34.0,35.0,1.0
fbd488678f93c13527a9fba252bd89b53abec5e9,ctx.py,,,,,,,,,
fbd488678f93c13527a9fba252bd89b53abec5e9,flask_tests.py,,,,,,,,,
1a7f579ece2528e73d9959d6fe4c8d7172fc3959,config.py,,,,,,,,,
97efffad9a9858c0d966723d543e1186629631d4,flask_tests.py,,,,,,,,,
67581795c4b1d5d27aaadf71f82bb6862887ba74,config.py,,,,,,,,,
4c8c503326f8b26787945082007a294dff4c255b,app.py,,,,,,,,,
0da56d7f5cfb6a637129444bfe0d6bf2584363ac,app.py,,,,,,,,,
0da56d7f5cfb6a637129444bfe0d6bf2584363ac,helpers.py,44.8104608357965,44.1737714853382,-0.6366893504582976,63.0,73.0,10.0,496.0,527.0,31.0
0da56d7f5cfb6a637129444bfe0d6bf2584363ac,flask_tests.py,,,,,,,,,
5910ef8a439196075f16e8d19d72c8bcb704a62f,helpers.py,44.1737714853382,44.1737714853382,0.0,73.0,73.0,0.0,527.0,527.0,0.0
1446614915b9ab4f75cbdfd79a80b71492b00276,app.py,,,,,,,,,
1446614915b9ab4f75cbdfd79a80b71492b00276,flask_tests.py,,,,,,,,,
a06cd0a64418f2aafafb0a574c64c2ea5f3e9239,app.py,,,,,,,,,
a06cd0a64418f2aafafb0a574c64c2ea5f3e9239,templating.py,80.48093158989072,69.10776645571029,-11.373165134180425,18.0,35.0,17.0,100.0,140.0,40.0
a06cd0a64418f2aafafb0a574c64c2ea5f3e9239,wrappers.py,71.55409014889274,72.12356325300829,0.569473104115545,14.0,19.0,5.0,88.0,96.0,8.0
a06cd0a64418f2aafafb0a574c64c2ea5f3e9239,flask_tests.py,,,,,,,,,
0ecc686372f577ccbcbcb818e1386ceb7bd9391d,helpers.py,44.8104608357965,44.8104608357965,0.0,63.0,63.0,0.0,496.0,496.0,0.0
709ecefee1859cf16cc8bdfa642e39fbc6b4421e,app.py,,,,,,,,,
7ed3196e8d1861acd027c409c47e51cce812ba63,__init__.py,100.0,100.0,0.0,0.0,0.0,,35.0,35.0,0.0
7ed3196e8d1861acd027c409c47e51cce812ba63,helpers.py,44.8104608357965,43.59276640118046,-1.2176944346160354,63.0,64.0,1.0,496.0,516.0,20.0
d8fcd4260e9194a03267ddb913a8b5d7cf0948d2,helpers.py,43.59276640118046,43.59276640118046,0.0,64.0,64.0,0.0,516.0,516.0,0.0
d8fcd4260e9194a03267ddb913a8b5d7cf0948d2,flask_tests.py,,,,,,,,,
e774e3a69eeb9a811a22e73ff87267e8bf4f9027,helpers.py,43.59276640118046,43.59276640118046,0.0,64.0,64.0,0.0,516.0,515.0,-1.0
a4ea3159a27d775b53774cea2d47c733a460fb93,app.py,,,,,,,,,
017117778ec477205eaba6acab951951808a60a5,helpers.py,43.59276640118046,43.47985531611099,-0.11291108506947012,64.0,64.0,0.0,515.0,516.0,1.0
15c937b316b16b12df2375c706bcc93e3d37d33e,app.py,,,,,,,,,
57920a5808c03d7d035f592a13a71ba627fe85da,helpers.py,43.47985531611099,43.39192912297376,-0.08792619313723549,64.0,65.0,1.0,516.0,517.0,1.0
ea77d5e12d5148e8f42e449deac64f363c5db484,config.py,,,,,,,,,
41952d2b259efdd89634aef7f47afc4cef6e7190,wrappers.py,71.55409014889274,73.23042281835112,1.6763326694583753,14.0,16.0,2.0,88.0,94.0,6.0
d90765b0265eec81130172efe3250cd1e3c900bd,flask_tests.py,,,,,,,,,
7242abcfb22c5b7321dc658766e8b6f5486ff1c3,logging.py,100.0,100.0,0.0,1.0,1.0,0.0,42.0,43.0,1.0
e3f2dd8f080115d626437bbee3631f7cf5560ca5,flask_tests.py,,,,,,,,,
e71a5ff8de93801c30ed6daecac4b8502aa86813,__init__.py,100.0,100.0,0.0,0.0,0.0,,35.0,35.0,0.0
e71a5ff8de93801c30ed6daecac4b8502aa86813,app.py,,,,,,,,,
e71a5ff8de93801c30ed6daecac4b8502aa86813,ctx.py,,,,,,,,,
e71a5ff8de93801c30ed6daecac4b8502aa86813,signals.py,100.0,100.0,0.0,7.0,7.0,0.0,50.0,51.0,1.0
e71a5ff8de93801c30ed6daecac4b8502aa86813,flask_tests.py,,,,,,,,,
ba6bf23e0d08ca0b9163b4e5c37b3d2fd274b1b2,flask_tests.py,,,,,,,,,
115d31ddbfac0773794f115eada88a75d651a0f2,app.py,,,,,,,,,
b51ecd7f212588b3d7363db90a4ab8318ec2fa80,flaskr.py,70.28534779104871,70.56999818969317,0.28465039864445885,13.0,13.0,0.0,98.0,97.0,-1.0
b51ecd7f212588b3d7363db90a4ab8318ec2fa80,minitwit.py,48.4825109543349,48.58824408967192,0.10573313533701878,44.0,44.0,0.0,248.0,247.0,-1.0
086ecdb91829d43a9b948c6d97524d8de18e2fa4,app.py,,,,,,,,,
7a08331ac062ee1e2ae3c7547f77c2d342ddb3df,app.py,,,,,,,,,
7a08331ac062ee1e2ae3c7547f77c2d342ddb3df,blueprints.py,,69.5596163947885,,,28.0,,,172.0,
7a08331ac062ee1e2ae3c7547f77c2d342ddb3df,ctx.py,,,,,,,,,
7a08331ac062ee1e2ae3c7547f77c2d342ddb3df,helpers.py,42.897316258543995,42.94560969936157,0.048293440817573696,75.0,86.0,11.0,548.0,568.0,20.0
7a08331ac062ee1e2ae3c7547f77c2d342ddb3df,module.py,62.915597004955885,91.23490613755764,28.31930913260176,20.0,10.0,-10.0,230.0,43.0,-187.0
7a08331ac062ee1e2ae3c7547f77c2d342ddb3df,templating.py,69.10776645571029,68.49002245640968,-0.6177439993006146,35.0,36.0,1.0,140.0,143.0,3.0
7a08331ac062ee1e2ae3c7547f77c2d342ddb3df,wrappers.py,72.70444360930638,73.017266511109,0.31282290180261896,20.0,17.0,-3.0,102.0,111.0,9.0
7a08331ac062ee1e2ae3c7547f77c2d342ddb3df,flask_tests.py,,,,,,,,,
f7e71b518f30923f494750e476f30d91c415723e,app.py,,,,,,,,,
f7e71b518f30923f494750e476f30d91c415723e,blueprints.py,69.5596163947885,68.8788554747646,-0.6807609200239,28.0,29.0,1.0,172.0,179.0,7.0
5da1fc22153032923b1560a34a0f346d6517a12d,app.py,,,,,,,,,
5da1fc22153032923b1560a34a0f346d6517a12d,blueprints.py,68.8788554747646,66.72403069868396,-2.1548247760806447,29.0,33.0,4.0,179.0,211.0,32.0
4d6cd1a3901495f66513934bb7e1a6ac58116400,app.py,,,,,,,,,
4d6cd1a3901495f66513934bb7e1a6ac58116400,helpers.py,42.94560969936157,42.976033257422024,0.03042355806045549,86.0,86.0,0.0,568.0,569.0,1.0
db28217574c119b65f4a5c9dcc7922656d60f22b,__init__.py,100.0,100.0,0.0,0.0,0.0,,35.0,36.0,1.0
db28217574c119b65f4a5c9dcc7922656d60f22b,app.py,,,,,,,,,
8017febac4d8cfec57378a6d5514ab19957f8cdc,helpers.py,43.39192912297376,43.701971434988685,0.3100423120149287,65.0,66.0,1.0,517.0,520.0,3.0
f5ec9952decda8731a1f40ba788ba06d12c0229b,app.py,,,,,,,,,
f5ec9952decda8731a1f40ba788ba06d12c0229b,blueprints.py,66.72403069868396,65.86779269023526,-0.8562380084486989,33.0,34.0,1.0,211.0,233.0,22.0
f5ec9952decda8731a1f40ba788ba06d12c0229b,flask_tests.py,,,,,,,,,
1f31ec4bea20e67f1870a0857c869eafa109c4d4,app.py,,,,,,,,,
6dae36f94db40d242fee73d10467a25cfa90b580,helpers.py,42.976033257422024,42.83328332083267,-0.14274993658935387,86.0,87.0,1.0,569.0,572.0,3.0
6dae36f94db40d242fee73d10467a25cfa90b580,flask-07-upgrade.py,,,,,,,,,
5e91b0c352d6493b2669c6da413fd0ed65cb6b7c,flask-07-upgrade.py,,,,,,,,,
479e242afc0665306745ea1845ba47ceaaede770,flask-07-upgrade.py,,,,,,,,,
6d072f00adb12569380becd17f277b5456ad07c0,flask-07-upgrade.py,,,,,,,,,
670d2bcf7aaf6be3701aa58fb2ad39d3bb80e071,test.py,,100.0,,,4.0,,,30.0,
cbfacd8962587d864e89d876e772fb4c1234f94d,flask-07-upgrade.py,,,,,,,,,
10104e98cf89b1e57f8359b0209307fefaee2ea1,flask-07-upgrade.py,,,,,,,,,
17d1ade6b956a1dc508f096f951fc52800b2a20e,flask-07-upgrade.py,,,,,,,,,
aa863efd9294dcd8afef6e5fa590ae2f88cbb0a2,flask-07-upgrade.py,,,,,,,,,
9770054dee42df5e5a1f4dcf5c46e444ac86cb76,flask-07-upgrade.py,,,,,,,,,
6094c8536bb9ac90abbca5c970bdc1bd645395ba,flask-07-upgrade.py,,,,,,,,,
99bb902cc351c32c4646d6baeaa3de3bc9086718,flask-07-upgrade.py,,,,,,,,,
99bb902cc351c32c4646d6baeaa3de3bc9086718,test.py,100.0,100.0,0.0,4.0,5.0,1.0,30.0,35.0,5.0
b4ffa4d9ac9cd652e94a97fa633f021d2f934582,flask-07-upgrade.py,,,,,,,,,
b4ffa4d9ac9cd652e94a97fa633f021d2f934582,test.py,100.0,100.0,0.0,5.0,5.0,0.0,35.0,36.0,1.0
bfd67764fb48311e6a7ddcc85244726d70af677b,blueprints.py,65.86779269023526,64.19759289999082,-1.670199790244439,34.0,36.0,2.0,233.0,252.0,19.0
bfd67764fb48311e6a7ddcc85244726d70af677b,test.py,100.0,100.0,0.0,5.0,5.0,0.0,36.0,37.0,1.0
3d6e3e48ad2445c80761c930ddfbe0ce24be3eb3,blueprints.py,64.19759289999082,64.19759289999082,0.0,36.0,36.0,0.0,252.0,252.0,0.0
abe1378caec759cc8c6fc0afeaad248677c4420f,app.py,,,,,,,,,
abe1378caec759cc8c6fc0afeaad248677c4420f,blueprints.py,64.19759289999082,64.19759289999082,0.0,36.0,36.0,0.0,252.0,252.0,0.0
abe1378caec759cc8c6fc0afeaad248677c4420f,helpers.py,42.83328332083267,42.622944004897604,-0.21033931593506594,87.0,87.0,0.0,572.0,573.0,1.0
abe1378caec759cc8c6fc0afeaad248677c4420f,module.py,91.23490613755764,90.97794925960551,-0.25695687795213473,10.0,10.0,0.0,43.0,42.0,-1.0
abe1378caec759cc8c6fc0afeaad248677c4420f,templating.py,68.49002245640968,69.7282420156261,1.238219559216418,36.0,32.0,-4.0,143.0,138.0,-5.0
abe1378caec759cc8c6fc0afeaad248677c4420f,flask_tests.py,,,,,,,,,
62d91d67f3b96ce7412d747ab3dd60a3aecc8276,app.py,,,,,,,,,
e17e74d3a74b5d32a622587b2b9da9840bf3a7e0,blueprints.py,64.19759289999082,62.46142947365411,-1.7361634263367165,36.0,39.0,3.0,252.0,264.0,12.0
e17e74d3a74b5d32a622587b2b9da9840bf3a7e0,flask_tests.py,,,,,,,,,
37fab7888744b23f62f678614656b686bb046379,__init__.py,,100.0,,,1.0,,,8.0,
37fab7888744b23f62f678614656b686bb046379,__init__.py,,100.0,,,1.0,,,8.0,
37fab7888744b23f62f678614656b686bb046379,__init__.py,,100.0,,,1.0,,,8.0,
37fab7888744b23f62f678614656b686bb046379,__init__.py,,100.0,,,1.0,,,8.0,
37fab7888744b23f62f678614656b686bb046379,flask_tests.py,,,,,,,,,
0fcbe0a47895a1d1106b50420fe696e04520b621,flask-07-upgrade.py,,,,,,,,,
86175054d63df56c4f3c79108d363ef5e127e440,blueprints.py,62.46142947365411,60.99400963812272,-1.4674198355313877,39.0,39.0,0.0,264.0,291.0,27.0
7e55b5084ddbaeeadd8358b216f36e7706c79199,flaskr_tests.py,70.4219402398967,70.0234714927687,-0.39846874712799263,18.0,18.0,0.0,74.0,75.0,1.0
0e98a080976f39e20aa6f18e8a335aa23d9334f7,app.py,,,,,,,,,
ab6bac111c9fa551ae0b6386a2cd6a13b45c26c7,ctx.py,,,,,,,,,
3d146548c7e687b1938c66df12082a1ab037c75d,__init__.py,100.0,100.0,0.0,0.0,0.0,,36.0,38.0,2.0
3d146548c7e687b1938c66df12082a1ab037c75d,make-release.py,,57.86691749024078,,,24.0,,,138.0,
bffe97bb50c8d0b32d66abd59751fef51155a290,make-release.py,57.86691749024078,55.316085653964784,-2.5508318362759965,24.0,26.0,2.0,138.0,150.0,12.0
874079bffed0f02235f55e4a512822194ac2449a,__init__.py,100.0,100.0,0.0,0.0,0.0,,38.0,38.0,0.0
874079bffed0f02235f55e4a512822194ac2449a,setup.py,,,,,,,,,
85efa3f89571d66071b86110bf7b615e38234aa8,flask-07-upgrade.py,,,,,,,,,
85efa3f89571d66071b86110bf7b615e38234aa8,test.py,100.0,100.0,0.0,5.0,6.0,1.0,37.0,46.0,9.0
ea7a1720779ab4680304d2bc9dffcb6f5c7f2798,wrappers.py,73.017266511109,73.017266511109,0.0,17.0,17.0,0.0,111.0,111.0,0.0
ea7a1720779ab4680304d2bc9dffcb6f5c7f2798,flask_tests.py,,,,,,,,,
1e7577578f08f1685d98bdac5ce1c43973647aee,helpers.py,42.7036440105492,42.429640419111905,-0.27400359143729247,88.0,88.0,0.0,576.0,582.0,6.0
ccd5ced70e48515e222b84dccc8f21d32c864dcd,app.py,,,,,,,,,
ccd5ced70e48515e222b84dccc8f21d32c864dcd,flask_tests.py,,,,,,,,,
7e6c70a133c833ef08f83a7e5cc926bf6e5581f1,blueprints.py,60.99400963812272,59.86954497328781,-1.1244646648349104,39.0,41.0,2.0,291.0,311.0,20.0
dcf21989dc71f4ab93ceaf0627e40c516462bd8c,app.py,,,,,,,,,
dcf21989dc71f4ab93ceaf0627e40c516462bd8c,views.py,,74.91151384315297,,,20.0,,,102.0,
dcf21989dc71f4ab93ceaf0627e40c516462bd8c,flask_tests.py,,,,,,,,,
775caf726db10c6c736a454b17fcc0f1f1474193,views.py,74.91151384315297,68.79330268144663,-6.118211161706341,20.0,22.0,2.0,102.0,112.0,10.0
b36d7b3288442173bcc999ebb4310674869a526d,flask_tests.py,,,,,,,,,
fb1482d3bb1b95803d25247479eb8ca8317a3219,__init__.py,100.0,100.0,0.0,0.0,0.0,,38.0,38.0,0.0
fb1482d3bb1b95803d25247479eb8ca8317a3219,setup.py,,,,,,,,,
b64fa73467424b8e6c4efa565d4d5bc2ae414ab7,__init__.py,100.0,100.0,0.0,0.0,0.0,,38.0,38.0,0.0
b64fa73467424b8e6c4efa565d4d5bc2ae414ab7,setup.py,,,,,,,,,
5afeac0c19b6c9ca6456dff368724492822ea165,make-release.py,55.316085653964784,55.316085653964784,0.0,26.0,26.0,0.0,150.0,150.0,0.0
57d9a2a1187b306c6997a3dcbac25837a54862f2,helpers.py,42.429640419111905,42.45887232755121,0.02923190843930712,88.0,88.0,0.0,582.0,584.0,2.0
a101cfc35be437ad0e4f56da0d92f14c27abda67,app.py,,,,,,,,,
a101cfc35be437ad0e4f56da0d92f14c27abda67,flask_tests.py,,,,,,,,,
510823c1592abe4c57e051e9d21bd134ab7f07a7,__init__.py,100.0,100.0,0.0,0.0,0.0,,38.0,38.0,0.0
510823c1592abe4c57e051e9d21bd134ab7f07a7,setup.py,,,,,,,,,
21d4a054e399a42ac448814116580a5c62991fce,make-release.py,55.316085653964784,55.316085653964784,0.0,26.0,26.0,0.0,150.0,150.0,0.0
7e1ebae3a2879b989cae4d27bb8dd1dc8a1313ee,make-release.py,55.316085653964784,55.316085653964784,0.0,26.0,26.0,0.0,150.0,150.0,0.0
15372661af2974577d5c1d15fdaf88452661c2a9,templating.py,69.7282420156261,71.16093186525566,1.4326898496295684,32.0,31.0,-1.0,138.0,136.0,-2.0
bd473c158788bd2c1153fc8fe45831aaa648824a,blueprints.py,59.86954497328781,59.86954497328781,0.0,41.0,41.0,0.0,311.0,311.0,0.0
bd473c158788bd2c1153fc8fe45831aaa648824a,flask_tests.py,,,,,,,,,
515e946b020584db7f236eb8ad139f9f32de305f,__init__.py,100.0,100.0,0.0,0.0,0.0,,38.0,38.0,0.0
515e946b020584db7f236eb8ad139f9f32de305f,setup.py,,,,,,,,,
0fccfe711fda524f216f82263bb83787a75035fd,__init__.py,100.0,100.0,0.0,0.0,0.0,,38.0,37.0,-1.0
0fccfe711fda524f216f82263bb83787a75035fd,app.py,,,,,,,,,
0fccfe711fda524f216f82263bb83787a75035fd,ctx.py,,,,,,,,,
0fccfe711fda524f216f82263bb83787a75035fd,session.py,100.0,100.0,0.0,7.0,0.0,,43.0,19.0,-24.0
10c99e95e98844ba191e4767550b0dc19fa6d34c,sessions.py,,62.89635799606464,,,27.0,,,168.0,
7290981cef49058b9c53f8a4465cf85537c0d22d,sessions.py,62.89635799606464,60.559068364108256,-2.3372896319563807,27.0,27.0,0.0,168.0,175.0,7.0
10f8dc18b8d43c2776c9381f681263778674bf0d,sessions.py,60.559068364108256,59.77051711919341,-0.7885512449148493,27.0,27.0,0.0,175.0,177.0,2.0
f29ec355e99e052f98df46875aeb8e319b8e1beb,__init__.py,100.0,100.0,0.0,0.0,0.0,,37.0,40.0,3.0
deb513c7fe5a285e2bdeff99424e243d7b4f7829,sessions.py,59.77051711919341,59.77051711919341,0.0,27.0,27.0,0.0,177.0,177.0,0.0
585bf02ee0d23d020f8a24db645c308d912b62e0,sessions.py,59.77051711919341,61.10329466412055,1.33277754492714,27.0,27.0,0.0,177.0,178.0,1.0
d90b1f1705b7bda17743406b4eac5511bdbb702a,sessions.py,61.10329466412055,59.77051711919341,-1.33277754492714,27.0,27.0,0.0,178.0,177.0,-1.0
ebb65b81e1279060bd75d211e5e32aecf0fa3932,app.py,,,,,,,,,
fd679638ea991fbdd5d7318bc9451f0bd5532224,app.py,,,,,,,,,
7dcf6cbc3141d100e229b4a781f67ab1286af055,ctx.py,,,,,,,,,
9d899cd63e539b92262bbc6f101e7b5408bb31fc,app.py,,,,,,,,,
3b31df81aeccb889810b4b49ce6e608e67ebeeea,app.py,,,,,,,,,
3b31df81aeccb889810b4b49ce6e608e67ebeeea,flask_tests.py,,,,,,,,,
76796c326d9abc243034847c41aa61f80ba3d653,app.py,,,,,,,,,
2866ccda1fe19a42adc735d75abaf304f8aed27b,__init__.py,100.0,100.0,0.0,0.0,0.0,,40.0,41.0,1.0
2866ccda1fe19a42adc735d75abaf304f8aed27b,app.py,,,,,,,,,
2866ccda1fe19a42adc735d75abaf304f8aed27b,config.py,,,,,,,,,
2866ccda1fe19a42adc735d75abaf304f8aed27b,globals.py,98.43869932713106,98.43869932713106,0.0,2.0,2.0,0.0,27.0,27.0,0.0
2866ccda1fe19a42adc735d75abaf304f8aed27b,helpers.py,42.45887232755121,42.367060185571496,-0.09181214197971599,88.0,88.0,0.0,584.0,590.0,6.0
2866ccda1fe19a42adc735d75abaf304f8aed27b,testing.py,79.17742224681986,79.17742224681986,0.0,13.0,13.0,0.0,67.0,67.0,0.0
2866ccda1fe19a42adc735d75abaf304f8aed27b,wrappers.py,73.017266511109,72.82192589550414,-0.19534061560486293,17.0,17.0,0.0,111.0,111.0,0.0
c9a2ad2b8d079c0ecca701f4c0b15390437c4843,templating.py,71.16093186525566,71.07516985068855,-0.08576201456710919,31.0,32.0,1.0,136.0,138.0,2.0
c9a2ad2b8d079c0ecca701f4c0b15390437c4843,__init__.py,100.0,100.0,0.0,1.0,1.0,0.0,8.0,8.0,0.0
c9a2ad2b8d079c0ecca701f4c0b15390437c4843,__init__.py,100.0,100.0,0.0,1.0,1.0,0.0,8.0,8.0,0.0
c9a2ad2b8d079c0ecca701f4c0b15390437c4843,__init__.py,100.0,100.0,0.0,1.0,1.0,0.0,8.0,8.0,0.0
c9a2ad2b8d079c0ecca701f4c0b15390437c4843,flask_tests.py,,,,,,,,,
343e678900a9970857f37b53b5d2f069327cd828,app.py,,,,,,,,,
290925e13348385cd3508d9ae52ea328ee9990d9,helpers.py,42.367060185571496,42.367060185571496,0.0,88.0,88.0,0.0,590.0,590.0,0.0
d5cfcfeba7313d80d7ac29adb8c54960cb594079,app.py,,,,,,,,,
eba2f70c6b95d9d61b5854feea64f0ba1fb620d2,wrappers.py,72.82192589550414,71.67541563295121,-1.1465102625529227,17.0,17.0,0.0,111.0,115.0,4.0
fafcc02f261e90a006efd5cc4dfa876531af9594,flask_tests.py,,,,,,,,,
7155f11a723695352323d484610b9a1c6798eb69,app.py,,,,,,,,,
7155f11a723695352323d484610b9a1c6798eb69,flask_tests.py,,,,,,,,,
afe5d3cbd44056893aa8c11f4bf17496cee92022,app.py,,,,,,,,,
a69b437af705dc8fa4e1b38b86ddad77d6dedb54,wrappers.py,71.67541563295121,71.1051169203768,-0.570298712574413,17.0,17.0,0.0,115.0,112.0,-3.0
2e022cb2727cfa99355261f2c18d1e0fc56e82ee,debughelpers.py,,,,,,,,,
2e022cb2727cfa99355261f2c18d1e0fc56e82ee,wrappers.py,71.1051169203768,69.89669017084108,-1.2084267495357182,17.0,22.0,5.0,112.0,123.0,11.0
17a836d49c8d496d50b726132e58749cf2741dd6,debughelpers.py,,,,,,,,,
23c1dd8db2a8dc028516a57b6dca47733bb82173,debughelpers.py,,,,,,,,,
3400b78db23fbd305cb11368946be1bf280e2696,wrappers.py,69.89669017084108,69.34200959670152,-0.5546805741395673,22.0,23.0,1.0,123.0,123.0,0.0
f3db68c8cee4f48fbc078e1f5a73bb025b425f91,debughelpers.py,,,,,,,,,
f3db68c8cee4f48fbc078e1f5a73bb025b425f91,flask_tests.py,,,,,,,,,
ac99cd33a827f0694d718dae5f2699430263ed7e,debughelpers.py,,,,,,,,,
ac99cd33a827f0694d718dae5f2699430263ed7e,wrappers.py,69.34200959670152,69.34200959670152,0.0,23.0,23.0,0.0,123.0,123.0,0.0
5500986971b28f270a27db633acf19984eee609e,app.py,,,,,,,,,
5500986971b28f270a27db633acf19984eee609e,flask_tests.py,,,,,,,,,
02a131746074203dc8d747308f4d2c7ece8aa743,app.py,,,,,,,,,
02a131746074203dc8d747308f4d2c7ece8aa743,blueprints.py,59.86954497328781,59.41694580810097,-0.4525991651868395,41.0,42.0,1.0,311.0,318.0,7.0
02a131746074203dc8d747308f4d2c7ece8aa743,flask_tests.py,,,,,,,,,
ae00f6d149c353e1ecb683ccbf01be221324a646,conf.py,,,,,,,,,
ae00f6d149c353e1ecb683ccbf01be221324a646,flaskdocext.py,,69.4458918400094,,,4.0,,,16.0,
ae00f6d149c353e1ecb683ccbf01be221324a646,app.py,,,,,,,,,
505cd663cd75b5593a1c9db0eded5298bd67139a,make-release.py,55.316085653964784,55.21688386574831,-0.09920178821647596,26.0,26.0,0.0,150.0,151.0,1.0
acac64e36a046cebae07bee7f3e8106b4a80288a,app.py,,,,,,,,,
acac64e36a046cebae07bee7f3e8106b4a80288a,flask_tests.py,,,,,,,,,
ce701319756abef4d09c585828a630b8fdef89fc,wrappers.py,69.34200959670152,,,23.0,,,123.0,,
ce701319756abef4d09c585828a630b8fdef89fc,flask_tests.py,,,,,,,,,
68473291344629dff3955fdc07776f2fca7b9b69,app.py,,,,,,,,,
68473291344629dff3955fdc07776f2fca7b9b69,debughelpers.py,,,,,,,,,
68473291344629dff3955fdc07776f2fca7b9b69,flask_tests.py,,,,,,,,,
63876614b6734e6404f17c9d3d22b71b3f43d158,wrappers.py,,,,,,,,,
153ecbc9202f249c4037602115ed2c2b5785550d,app.py,,,,,,,,,
153ecbc9202f249c4037602115ed2c2b5785550d,flask_tests.py,,,,,,,,,
187cb80dcc1b087f1a7b7d4d67afbd531ad01cd2,app.py,,,,,,,,,
187cb80dcc1b087f1a7b7d4d67afbd531ad01cd2,helpers.py,42.367060185571496,42.20946671866778,-0.15759346690371956,88.0,89.0,1.0,590.0,592.0,2.0
175d43b2f9c7825b0df4c1049ab571cb1877a807,app.py,,,,,,,,,
175d43b2f9c7825b0df4c1049ab571cb1877a807,helpers.py,42.20946671866778,42.20946671866778,0.0,89.0,89.0,0.0,592.0,592.0,0.0
175d43b2f9c7825b0df4c1049ab571cb1877a807,flask_tests.py,,,,,,,,,
e328eba97cc87a34e846693b62d17bdedaf27134,app.py,,,,,,,,,
e328eba97cc87a34e846693b62d17bdedaf27134,flask_tests.py,,,,,,,,,
74f4af59f631ef154ffe6f34d8e525a05f97d4a6,app.py,,,,,,,,,
fb1a6730cfbf63b6d6ccda93381f0823d8b6c85a,app.py,,,,,,,,,
fb1a6730cfbf63b6d6ccda93381f0823d8b6c85a,flask_tests.py,,,,,,,,,
b3aaf6d5ca4fa53cc78456b2df01ab4d11cec84a,app.py,,,,,,,,,
b3aaf6d5ca4fa53cc78456b2df01ab4d11cec84a,helpers.py,42.20946671866778,41.014527212911986,-1.1949395057557908,89.0,97.0,8.0,592.0,629.0,37.0
b3aaf6d5ca4fa53cc78456b2df01ab4d11cec84a,flask_tests.py,,,,,,,,,
c3844d11026f84400d5a088dd5c24c6a4a04dcd1,helpers.py,41.014527212911986,40.802885881760965,-0.21164133115102146,97.0,97.0,0.0,629.0,633.0,4.0
1d6f86bc87253c1dc1cf0c156f421214c38c3202,helpers.py,40.802885881760965,40.68566637169105,-0.1172195100699156,97.0,97.0,0.0,633.0,639.0,6.0
eb9a14e1581fd379f25986bb206fe0d8fdc6b1a3,flask_tests.py,,,,,,,,,
45d963d6daa4315388530d58c777b838d5465c65,app.py,,,,,,,,,
68ec5a30687a89a56406d8abd603b51a6645856e,app.py,,,,,,,,,
68ec5a30687a89a56406d8abd603b51a6645856e,blueprints.py,59.41694580810097,59.429568589705106,0.012622781604136435,42.0,42.0,0.0,318.0,319.0,1.0
68ec5a30687a89a56406d8abd603b51a6645856e,flask_tests.py,,,,,,,,,
04e87a93def1593dd886931e0f9e1d4f37f8d243,app.py,,,,,,,,,
c844d02f1c7558e959891de75494cffd22dc323f,app.py,,,,,,,,,
c844d02f1c7558e959891de75494cffd22dc323f,sessions.py,59.77051711919341,58.54392138490191,-1.2265957342915002,27.0,29.0,2.0,177.0,185.0,8.0
c844d02f1c7558e959891de75494cffd22dc323f,flask_tests.py,,,,,,,,,
a5da2c98f3ed2f9fe254e3b61799b06fa230a175,app.py,,,,,,,,,
a5da2c98f3ed2f9fe254e3b61799b06fa230a175,testing.py,79.17742224681986,73.36153666475785,-5.815885582062009,13.0,18.0,5.0,67.0,117.0,50.0
a5da2c98f3ed2f9fe254e3b61799b06fa230a175,flask_tests.py,,,,,,,,,
001a5128d87e2cb934d14244d901d47e01980873,flask_tests.py,,,,,,,,,
f051939d8ba1c5ec585fd4db1f83237a66020c0a,flask_tests.py,,,,,,,,,
311ac0f533bf5a308200a51b861a9728b9223276,testing.py,73.36153666475785,72.89195047627987,-0.46958618847797595,18.0,20.0,2.0,117.0,119.0,2.0
03a71e022919a0e1bff6606400e9d5ae234b8244,blueprints.py,59.429568589705106,58.771291422039255,-0.658277167665851,42.0,44.0,2.0,319.0,321.0,2.0
03a71e022919a0e1bff6606400e9d5ae234b8244,flask_tests.py,,,,,,,,,
e853a0f73959ad12cdabc2d74324cdc9329ae794,app.py,,,,,,,,,
e853a0f73959ad12cdabc2d74324cdc9329ae794,testing.py,72.89195047627987,73.78238695228838,0.8904364760085031,20.0,19.0,-1.0,119.0,117.0,-2.0
e853a0f73959ad12cdabc2d74324cdc9329ae794,flask_tests.py,,,,,,,,,
8dbd71ef8e16ce64cfcf7c526d584ea2771a28d1,flask_tests.py,,,,,,,,,
485a6c332b1cd10495f6f3aafe2690e07f01b422,flask_tests.py,,,,,,,,,
d3ca55177a9f39de526143c59edc049d28f4424c,flaskr.py,70.56999818969317,70.15084486707211,-0.41915332262105665,13.0,14.0,1.0,97.0,98.0,1.0
d3ca55177a9f39de526143c59edc049d28f4424c,minitwit.py,48.58824408967192,48.34800803035828,-0.2402360593136379,44.0,45.0,1.0,247.0,248.0,1.0
8340d3c9f5cb38f23dd16d7d28aa643a121c4236,helpers.py,40.68566637169105,40.41673642155234,-0.26892995013870546,97.0,97.0,0.0,639.0,646.0,7.0
ef0f626f0a916fdced42e05aa2f58dede6c660fd,views.py,68.79330268144663,60.583973854015554,-8.20932882743108,22.0,25.0,3.0,112.0,147.0,35.0
ef0f626f0a916fdced42e05aa2f58dede6c660fd,flask_tests.py,,,,,,,,,
4cb6eea8f1e1edc707874f72cbca43a0f698ec7d,__init__.py,,,,,,,,,
4cb6eea8f1e1edc707874f72cbca43a0f698ec7d,basic.py,,,,,,,,,
4cb6eea8f1e1edc707874f72cbca43a0f698ec7d,blueprints.py,,,,,,,,,
4cb6eea8f1e1edc707874f72cbca43a0f698ec7d,config.py,,,,,,,,,
4cb6eea8f1e1edc707874f72cbca43a0f698ec7d,deprecations.py,,88.02454206924,,,10.0,,,38.0,
4cb6eea8f1e1edc707874f72cbca43a0f698ec7d,examples.py,,100.0,,,6.0,,,38.0,
4cb6eea8f1e1edc707874f72cbca43a0f698ec7d,helpers.py,,30.515469811208323,,,95.0,,,295.0,
4cb6eea8f1e1edc707874f72cbca43a0f698ec7d,signals.py,,62.0225477143668,,,18.0,,,103.0,
4cb6eea8f1e1edc707874f72cbca43a0f698ec7d,templating.py,,49.777501837579905,,,31.0,,,141.0,
4cb6eea8f1e1edc707874f72cbca43a0f698ec7d,__init__.py,,,,,,,,,
4cb6eea8f1e1edc707874f72cbca43a0f698ec7d,__init__.py,,,,,,,,,
4cb6eea8f1e1edc707874f72cbca43a0f698ec7d,__init__.py,,,,,,,,,
4cb6eea8f1e1edc707874f72cbca43a0f698ec7d,__init__.py,,,,,,,,,
4cb6eea8f1e1edc707874f72cbca43a0f698ec7d,config_module_app.py,,100.0,,,0.0,,,4.0,
4cb6eea8f1e1edc707874f72cbca43a0f698ec7d,__init__.py,,,,,,,,,
4cb6eea8f1e1edc707874f72cbca43a0f698ec7d,__init__.py,,,,,,,,,
4cb6eea8f1e1edc707874f72cbca43a0f698ec7d,__init__.py,,,,,,,,,
4cb6eea8f1e1edc707874f72cbca43a0f698ec7d,__init__.py,,,,,,,,,
4cb6eea8f1e1edc707874f72cbca43a0f698ec7d,__init__.py,,,,,,,,,
4cb6eea8f1e1edc707874f72cbca43a0f698ec7d,__init__.py,,,,,,,,,
4cb6eea8f1e1edc707874f72cbca43a0f698ec7d,testing.py,,,,,,,,,
4cb6eea8f1e1edc707874f72cbca43a0f698ec7d,views.py,,67.02354104136394,,,9.0,,,117.0,
4cb6eea8f1e1edc707874f72cbca43a0f698ec7d,flaskext_test.py,,,,,,,,,
4cb6eea8f1e1edc707874f72cbca43a0f698ec7d,setup.py,,,,,,,,,
4cb6eea8f1e1edc707874f72cbca43a0f698ec7d,flask_tests.py,,,,,,,,,
12d74be7d7f62400663911d94783320bdfba86d4,run-tests.py,,47.5070419782975,,,28.0,,,57.0,
3069e2d7f73f80ebc342029616a5cbc5381cfdf1,basic.py,,,,,,,,,
3069e2d7f73f80ebc342029616a5cbc5381cfdf1,blueprints.py,,,,,,,,,
3069e2d7f73f80ebc342029616a5cbc5381cfdf1,config.py,,,,,,,,,
3069e2d7f73f80ebc342029616a5cbc5381cfdf1,deprecations.py,88.02454206924,93.57463090638433,5.5500888371443295,10.0,6.0,-4.0,38.0,38.0,0.0
3069e2d7f73f80ebc342029616a5cbc5381cfdf1,helpers.py,30.515469811208323,38.94671619673987,8.431246385531548,95.0,50.0,-45.0,295.0,295.0,0.0
3069e2d7f73f80ebc342029616a5cbc5381cfdf1,signals.py,62.0225477143668,72.69617364444822,10.673625930081421,18.0,8.0,-10.0,103.0,103.0,0.0
3069e2d7f73f80ebc342029616a5cbc5381cfdf1,templating.py,49.777501837579905,55.539452075962,5.7619502383820915,31.0,18.0,-13.0,141.0,141.0,0.0
3069e2d7f73f80ebc342029616a5cbc5381cfdf1,testing.py,,,,,,,,,
fc2caa4b9c75a6ee8569495008efd1f37c27a8cb,basic.py,,,,,,,,,
fc2caa4b9c75a6ee8569495008efd1f37c27a8cb,blueprints.py,,,,,,,,,
fc2caa4b9c75a6ee8569495008efd1f37c27a8cb,config.py,,,,,,,,,
fc2caa4b9c75a6ee8569495008efd1f37c27a8cb,deprecations.py,93.57463090638433,93.70913383036094,0.134502923976612,6.0,4.0,-2.0,38.0,38.0,0.0
fc2caa4b9c75a6ee8569495008efd1f37c27a8cb,helpers.py,38.94671619673987,41.233265904342204,2.286549707602333,50.0,29.0,-21.0,295.0,295.0,0.0
fc2caa4b9c75a6ee8569495008efd1f37c27a8cb,signals.py,72.69617364444822,72.83067656842482,0.1345029239765978,8.0,7.0,-1.0,103.0,103.0,0.0
fc2caa4b9c75a6ee8569495008efd1f37c27a8cb,templating.py,55.539452075962,57.80019734796323,2.2607452720012304,18.0,14.0,-4.0,141.0,141.0,0.0
fc2caa4b9c75a6ee8569495008efd1f37c27a8cb,testing.py,,,,,,,,,
d5cd4f8d59a4a8e5860c8813b3f5d3f3631e9183,setup.py,,,,,,,,,
fbd6776e68a12aa7bf7d646ca03d568cedc616f3,config.py,,,,,,,,,
fbd6776e68a12aa7bf7d646ca03d568cedc616f3,helpers.py,41.233265904342204,41.233265904342204,0.0,29.0,29.0,0.0,295.0,295.0,0.0
29b7efa36bd12234a4086cafbe9b8a4099991d08,run-tests.py,47.5070419782975,46.901617881437424,-0.6054240968600766,28.0,30.0,2.0,57.0,57.0,0.0
f30b1174b85ae44b4d215045ef3361f2c3b3a367,run-tests.py,46.901617881437424,46.44901058762744,-0.452607293809983,30.0,32.0,2.0,57.0,58.0,1.0
5a496885544989ca702e2c9996372a8ebf2cf00d,__init__.py,72.24718757439562,51.85773468068401,-20.389452893711614,21.0,53.0,32.0,121.0,173.0,52.0
5a496885544989ca702e2c9996372a8ebf2cf00d,run-tests.py,46.44901058762744,100.0,53.55098941237256,32.0,0.0,,58.0,3.0,-55.0
a082a5e0ba81af15653fe56501c8d2530d3621dc,__init__.py,51.85773468068401,58.61231192319723,6.754577242513221,53.0,42.0,-11.0,173.0,176.0,3.0
5235c3e37e17b3271e3cac4646eaf97fd1cc071a,__init__.py,58.61231192319723,59.09557080094175,0.48325887774451814,42.0,42.0,0.0,176.0,175.0,-1.0
5235c3e37e17b3271e3cac4646eaf97fd1cc071a,run-tests.py,100.0,,,0.0,,,3.0,,
c8ec453d860ae4754331170108ef03322f29889b,testing.py,,,,,,,,,
c8ec453d860ae4754331170108ef03322f29889b,testing.py,,,,,,,,,
d49221bf2eeabbfa4a5be4e537b35bae1eb6d272,testing.py,,,,,,,,,
d49221bf2eeabbfa4a5be4e537b35bae1eb6d272,testing.py,,,,,,,,,
b256e9f36c6d170e7209a577efcac2503c8e48e3,app.py,,,,,,,,,
67101c8b9331d289b3ae5428127814d0c19d643c,signals.py,100.0,100.0,0.0,7.0,7.0,0.0,51.0,51.0,0.0
367b254c787c59b208899f1dfee78904c1784c73,basic.py,,,,,,,,,
e509d25d32965a8afd7ca98d67ee6f5a6af11cc8,__init__.py,59.09557080094175,,,42.0,,,175.0,,
e509d25d32965a8afd7ca98d67ee6f5a6af11cc8,run-tests.py,,100.0,,,0.0,,,2.0,
c0f42a0978d804237d7bd540f81dcdbc1643ea7f,run-tests.py,100.0,100.0,0.0,0.0,0.0,,2.0,3.0,1.0
2e4c39199d3c8cdcf459675cba6e04bd30f98120,app.py,,,,,,,,,
718ef4d699d1de79117f92ff16feed98c3a1aa11,ctx.py,,,,,,,,,
bb1567dae48fed50f9742b9136c8bd1b82b7bd55,helpers.py,40.41673642155234,40.25166424975816,-0.16507217179418632,97.0,97.0,0.0,646.0,649.0,3.0
87f50fdc6f01160d75fcc87569f0754b800fc59f,debughelpers.py,,,,,,,,,
23bf2633f67d00418bd31c0c6918c3a99f06dead,app.py,,,,,,,,,
4dc1796b1c09961098edc0aaac90a28be2b7fc9d,testing.py,,,,,,,,,
4dc1796b1c09961098edc0aaac90a28be2b7fc9d,testing.py,,,,,,,,,
ccf464189b116ea4ee458c2ccb24d64f9272e25b,app.py,,,,,,,,,
ccf464189b116ea4ee458c2ccb24d64f9272e25b,sessions.py,58.54392138490191,58.56849788038904,0.024576495487131922,29.0,33.0,4.0,185.0,205.0,20.0
ccf464189b116ea4ee458c2ccb24d64f9272e25b,basic.py,,,,,,,,,
5f7f3b17dfe2fbeecf82d5745c497b3ea94bf50a,setup.py,,,,,,,,,
ee8417dac8364f02524edffddff92329f15b95af,__init__.py,100.0,100.0,0.0,0.0,0.0,,41.0,41.0,0.0
ee8417dac8364f02524edffddff92329f15b95af,app.py,,,,,,,,,
ee8417dac8364f02524edffddff92329f15b95af,config.py,,,,,,,,,
ee8417dac8364f02524edffddff92329f15b95af,ctx.py,,,,,,,,,
ee8417dac8364f02524edffddff92329f15b95af,globals.py,98.43869932713106,98.43869932713106,0.0,2.0,2.0,0.0,27.0,27.0,0.0
ee8417dac8364f02524edffddff92329f15b95af,helpers.py,40.25166424975816,40.25166424975816,0.0,97.0,97.0,0.0,649.0,649.0,0.0
ee8417dac8364f02524edffddff92329f15b95af,logging.py,100.0,100.0,0.0,1.0,1.0,0.0,43.0,43.0,0.0
ee8417dac8364f02524edffddff92329f15b95af,module.py,90.97794925960551,90.97794925960551,0.0,10.0,10.0,0.0,42.0,42.0,0.0
ee8417dac8364f02524edffddff92329f15b95af,session.py,100.0,100.0,0.0,0.0,0.0,,19.0,19.0,0.0
ee8417dac8364f02524edffddff92329f15b95af,sessions.py,58.56849788038904,58.56849788038904,0.0,33.0,33.0,0.0,205.0,205.0,0.0
ee8417dac8364f02524edffddff92329f15b95af,signals.py,100.0,100.0,0.0,7.0,7.0,0.0,51.0,51.0,0.0
ee8417dac8364f02524edffddff92329f15b95af,templating.py,71.07516985068855,71.07516985068855,0.0,32.0,32.0,0.0,138.0,138.0,0.0
ee8417dac8364f02524edffddff92329f15b95af,testing.py,74.17181941337748,74.17181941337748,0.0,17.0,17.0,0.0,123.0,123.0,0.0
ee8417dac8364f02524edffddff92329f15b95af,wrappers.py,,,,,,,,,
37f9cb9ca69176dec36faff4b2138226b479f65f,testing.py,,,,,,,,,
37f9cb9ca69176dec36faff4b2138226b479f65f,__init__.py,,,,,,,,,
37f9cb9ca69176dec36faff4b2138226b479f65f,basic.py,,,,,,,,,
37f9cb9ca69176dec36faff4b2138226b479f65f,blueprints.py,,,,,,,,,
37f9cb9ca69176dec36faff4b2138226b479f65f,deprecations.py,93.70913383036094,93.02853847415335,-0.6805953562075899,4.0,4.0,0.0,38.0,41.0,3.0
37f9cb9ca69176dec36faff4b2138226b479f65f,helpers.py,41.233265904342204,41.16621454625526,-0.06705135808694251,29.0,29.0,0.0,295.0,298.0,3.0
37f9cb9ca69176dec36faff4b2138226b479f65f,templating.py,57.80019734796323,57.65454117331834,-0.14565617464488412,14.0,14.0,0.0,141.0,144.0,3.0
37f9cb9ca69176dec36faff4b2138226b479f65f,testing.py,,,,,,,,,
7331ae3df58bdf322122010e598b7e7bb793daea,basic.py,,,,,,,,,
88617311dba62992bf5736b35e3da9359ac5fedf,subclassing.py,,87.62067424240057,,,4.0,,,46.0,
7d7d810aea5472101ce04956889dfdb77173a912,app.py,,,,,,,,,
f6798885e6cc97bccd1e0fd861b54b01fcdb9605,app.py,,,,,,,,,
17a46a4d239a640049081b5cdcc1ff20ef63e38a,views.py,60.583973854015554,60.583973854015554,0.0,25.0,25.0,0.0,147.0,147.0,0.0
f8caa54d31605f8997698d5c6c295ff4cff9ecdb,blueprints.py,58.771291422039255,58.771291422039255,0.0,44.0,44.0,0.0,321.0,321.0,0.0
32c7e43dda6600828ae9b11111d722ab92fb0594,views.py,60.583973854015554,57.93292759189087,-2.65104626212468,25.0,29.0,4.0,147.0,151.0,4.0
32c7e43dda6600828ae9b11111d722ab92fb0594,views.py,60.583973854015554,57.93292759189087,-2.65104626212468,25.0,29.0,4.0,147.0,151.0,4.0
8f85a3b0d161876de378b35ccac42237a18a5342,__init__.py,,85.75090192066499,,,10.0,,,54.0,
c72ca16234e4dbea448ea43d002eb500c09f4932,__init__.py,,100.0,,,0.0,,,1.0,
c72ca16234e4dbea448ea43d002eb500c09f4932,ext.py,,75.07036249877643,,,16.0,,,61.0,
c72ca16234e4dbea448ea43d002eb500c09f4932,__init__.py,,100.0,,,0.0,,,1.0,
c72ca16234e4dbea448ea43d002eb500c09f4932,submodule.py,,100.0,,,1.0,,,2.0,
c72ca16234e4dbea448ea43d002eb500c09f4932,flask_newext_simple.py,,100.0,,,0.0,,,1.0,
f80bfcaa28da98972002fb906c2559babe75801e,ext.py,75.07036249877643,67.71673861340537,-7.353623885371064,16.0,20.0,4.0,61.0,84.0,23.0
f80bfcaa28da98972002fb906c2559babe75801e,__init__.py,,100.0,,,0.0,,,1.0,
f80bfcaa28da98972002fb906c2559babe75801e,__init__.py,,100.0,,,0.0,,,1.0,
f80bfcaa28da98972002fb906c2559babe75801e,submodule.py,,100.0,,,1.0,,,2.0,
f80bfcaa28da98972002fb906c2559babe75801e,oldext_simple.py,,100.0,,,0.0,,,1.0,
e8020e2c5cd6dca816991845bd439e4524594f83,__init__.py,80.33322130241929,79.44546867293172,-0.8877526294875651,13.0,13.0,0.0,62.0,67.0,5.0
9df2aefd7f0c3c5d0fc47087da2f51b72cad38fc,__init__.py,79.44546867293172,78.78089261000265,-0.664576062929072,13.0,14.0,1.0,67.0,68.0,1.0
9df2aefd7f0c3c5d0fc47087da2f51b72cad38fc,ext.py,67.71673861340537,65.59989701544531,-2.116841597960061,20.0,22.0,2.0,84.0,89.0,5.0
e94416704d70d64b21afb44569039f2b50db966f,flaskext_compat.py,,77.35416460291484,,,14.0,,,73.0,
9c82840f5256e8aca82c26ab4025712e5c928977,ext.py,65.59989701544531,62.45548498499388,-3.144412030451427,22.0,26.0,4.0,89.0,99.0,10.0
d4d6cc8401b94ab7c92b70ca5e5b21d22636dd5d,setup.py,,,,,,,,,
907c24e6ffc436971d437b0b9122b840db9466d7,app.py,,,,,,,,,
90884a78fbba4068fa93f87626baccd148cd4a57,app.py,,,,,,,,,
7997bae5bb048e4623647c57faae447b28da907f,flaskext_compat.py,77.35416460291484,82.30904327844118,4.954878675526345,14.0,14.0,0.0,73.0,61.0,-12.0
9a70e62b8d545c8de7e3728e544cebe289a39254,__init__.py,78.78089261000265,,,14.0,,,68.0,,
9a70e62b8d545c8de7e3728e544cebe289a39254,flaskext_compat.py,82.30904327844118,,,14.0,,,61.0,,
ee9b4016323ba0f7a773a5e014bc23bcf1a322cd,__init__.py,,,,,,,,,
9691b7f0bf70553e61a88c8c7b6ffcac776b8d26,__init__.py,,100.0,,,0.0,,,2.0,
9691b7f0bf70553e61a88c8c7b6ffcac776b8d26,__init__.py,,100.0,,,0.0,,,2.0,
9691b7f0bf70553e61a88c8c7b6ffcac776b8d26,ext.py,62.45548498499388,60.9469041790557,-1.5085808059381804,26.0,28.0,2.0,99.0,106.0,7.0
9691b7f0bf70553e61a88c8c7b6ffcac776b8d26,__init__.py,,100.0,,,0.0,,,2.0,
9691b7f0bf70553e61a88c8c7b6ffcac776b8d26,b.py,,,,,,,,,
9691b7f0bf70553e61a88c8c7b6ffcac776b8d26,flaskext_compat.py,,,,,,,,,
0c75be1172000ad4d0b60920ef5a6fb78880a7d2,setup.py,,,,,,,,,
d4d75701bc1ea02a0e9b7e3e0d1aee777bd59116,setup.py,,,,,,,,,
56afafae67ff0db8b9994a4c59d978b56327e886,__init__.py,,,,,,,,,
56afafae67ff0db8b9994a4c59d978b56327e886,ext.py,60.9469041790557,63.116678066150776,2.169773887095076,28.0,29.0,1.0,106.0,111.0,5.0
56afafae67ff0db8b9994a4c59d978b56327e886,run-tests.py,100.0,100.0,0.0,0.0,0.0,,3.0,5.0,2.0
b8ef7360eb80b2018c21384f1f32693ab22595d0,__init__.py,,,,,,,,,
d2eefe25e7fec31a5f4254f6a65934bd00ab0392,app.py,,,,,,,,,
c6316132b173f96a6f5a90ff3b62f706f8a62560,ctx.py,,,,,,,,,
c6316132b173f96a6f5a90ff3b62f706f8a62560,globals.py,98.43869932713106,98.43869932713106,0.0,2.0,2.0,0.0,27.0,28.0,1.0
c6316132b173f96a6f5a90ff3b62f706f8a62560,testing.py,74.01796251387081,74.52839608773183,0.5104335738610217,17.0,17.0,0.0,125.0,118.0,-7.0
c6316132b173f96a6f5a90ff3b62f706f8a62560,basic.py,,,,,,,,,
df1dd57045b38ea7dcca44622744ab24e53e399e,app.py,,,,,,,,,
6dccf775468ea0a849d3c1c3965e3a1db6a36a3f,app.py,,,,,,,,,
8da8a21b69cc06e58b1b28fa0ecec63b5cf3d9b4,app.py,,,,,,,,,
8da8a21b69cc06e58b1b28fa0ecec63b5cf3d9b4,config.py,,,,,,,,,
8da8a21b69cc06e58b1b28fa0ecec63b5cf3d9b4,config.py,,,,,,,,,
f01b654ac4c0a4789369440557267b75df55fd59,config.py,,,,,,,,,
95c4dcb4d50e69b927855cd6a446579d2fe45b4e,__init__.py,,100.0,,,1.0,,,29.0,
95c4dcb4d50e69b927855cd6a446579d2fe45b4e,exthook.py,,,,,,,,,
95c4dcb4d50e69b927855cd6a446579d2fe45b4e,ext.py,63.116678066150776,59.52783721783029,-3.588840848320487,29.0,31.0,2.0,111.0,123.0,12.0
95c4dcb4d50e69b927855cd6a446579d2fe45b4e,flaskext_compat.py,,,,,,,,,
04b90f5ad47d04bace76c18f634d54b0da4b91ce,setup.py,,,,,,,,,
d5e10e4685f54dde5ffc27c4f55a19fb23f7a536,__init__.py,100.0,100.0,0.0,0.0,0.0,,41.0,41.0,0.0
d5e10e4685f54dde5ffc27c4f55a19fb23f7a536,setup.py,,,,,,,,,
3765cc2e9e6ea2d227f898d5b176aa50680e491c,__init__.py,100.0,100.0,0.0,0.0,0.0,,41.0,41.0,0.0
3765cc2e9e6ea2d227f898d5b176aa50680e491c,setup.py,,,,,,,,,
766522cb587850f643f3bb6cb011735ae6a98510,__init__.py,100.0,100.0,0.0,0.0,0.0,,41.0,41.0,0.0
766522cb587850f643f3bb6cb011735ae6a98510,setup.py,,,,,,,,,
0dd9dc37b6618b8091c2a0f849f5f3143dc6eafc,session.py,100.0,100.0,0.0,0.0,0.0,,19.0,19.0,0.0
b51fbdc8e00ea777dcfdfa39ae789206ecfdb0a7,views.py,57.93292759189087,57.93292759189087,0.0,29.0,29.0,0.0,151.0,150.0,-1.0
1759d8e4d80df3c3dc709c9bace2eb07d5685596,helpers.py,41.16621454625526,40.54556489252525,-0.6206496537300126,29.0,29.0,0.0,298.0,307.0,9.0
1759d8e4d80df3c3dc709c9bace2eb07d5685596,helpers.py,41.16621454625526,40.54556489252525,-0.6206496537300126,29.0,29.0,0.0,298.0,307.0,9.0
ebd74688070617a4cb6dd39df616f4691a98666d,helpers.py,39.85025761966109,39.85025761966109,0.0,98.0,98.0,0.0,658.0,659.0,1.0
61a95196ac28771466ada43a1c01effda42040a5,logging.py,100.0,89.90470522538011,-10.095294774619887,1.0,1.0,0.0,43.0,45.0,2.0
61a95196ac28771466ada43a1c01effda42040a5,helpers.py,40.54556489252525,40.02902353621054,-0.5165413563147112,29.0,30.0,1.0,307.0,314.0,7.0
f52e7a9dc944f425c2f2a77706bc2af98b23295c,helpers.py,40.02902353621054,38.36120014094691,-1.6678233952636248,30.0,31.0,1.0,314.0,340.0,26.0
f52e7a9dc944f425c2f2a77706bc2af98b23295c,helpers.py,40.02902353621054,38.36120014094691,-1.6678233952636248,30.0,31.0,1.0,314.0,340.0,26.0
7f4c12b33565c4d0802c4385bb2bbaa6c5735196,ctx.py,,,,,,,,,
7f4c12b33565c4d0802c4385bb2bbaa6c5735196,regression.py,,80.22910346641746,,,15.0,,,83.0,
9dd61eea6b49bfe1cc4639f5bc4c1371df938d95,testing.py,,,,,,,,,
d628df6ab6c57b34acfb412e135d0d095636c539,app.py,,,,,,,,,
d628df6ab6c57b34acfb412e135d0d095636c539,basic.py,,,,,,,,,
9c8f138a42aa43ee8177ed84df5946f8ef6d0c58,testing.py,,,,,,,,,
